Date,BND,GLD,QQQ,SPY
02/01/2020,71.09302520751953,143.9499969482422,208.84893798828125,298.57867431640625
03/01/2020,71.34699249267578,145.86000061035156,206.93588256835938,296.3177185058594
06/01/2020,71.26235199,147.38999938964844,208.26927185058594,297.4482116699219
07/01/2020,71.20307922363281,147.97000122070312,208.2402801513672,296.6119079589844
08/01/2020,71.09302520751953,146.86000061035156,209.8054656982422,298.19268798828125
09/01/2020,71.17768859863281,146.02999877929688,211.583252,300.2145996
10/01/2020,71.29618835449219,146.91000366210938,211.0421600341797,299.3506774902344
13/01/2020,71.25389099121094,145.82000732421875,213.47695922851562,301.4094238
14/01/2020,71.35544586,145.69000244140625,212.63638305664062,300.9498596191406
15/01/2020,71.46553802490234,146.5399932861328,212.72329711914062,301.62994384765625
16/01/2020,71.42321777,146.30999755859375,214.76197814941406,304.1390686035156
17/01/2020,71.41474151611328,146.5800018310547,215.82476806640625,305.0856628417969
21/01/2020,71.59250641,146.74000549316406,215.72813415527344,304.4882507324219
22/01/2020,71.65180206298828,146.7899932861328,216.29818725585938,304.5250549316406
23/01/2020,71.77880096435547,147.1199951171875,216.99383544921875,304.87432861328125
24/01/2020,71.88883209228516,147.97999572753906,215.1677703857422,302.1630554199219
27/01/2020,72.12590789794922,148.99000549316406,210.72329711914062,297.3194885253906
28/01/2020,71.99890899658203,147.66000366210938,213.96005249023438,300.4352111816406
29/01/2020,72.20214844,148.4600067138672,214.30783081054688,300.1870117
30/01/2020,72.21906280517578,148.47000122070312,215.07113647460938,301.16119384765625
31/01/2020,72.40531921386719,149.3300018310547,211.66049194335938,295.6927795410156
03/02/2020,72.33998107910156,148.36000061035156,214.85858154296875,297.8894348144531
04/02/2020,72.11936950683594,146.42999267578125,219.7764434814453,302.4295654296875
05/02/2020,72.00058746,146.61000061035156,220.50106811523438,305.9220275878906
06/02/2020,72.06846618652344,147.39999389648438,222.4044647216797,306.9513854980469
07/02/2020,72.28908539,147.7899932861328,221.44790649414062,305.3155212402344
10/02/2020,72.39937591552734,148.1699981689453,224.1242218017578,307.5947570800781
11/02/2020,72.28060913085938,147.66000366210938,224.16287231445312,308.1278381347656
12/02/2020,72.19572448730469,147.5399932861328,226.3463897705078,310.1130065917969
13/02/2020,72.26360321044922,148.3800048828125,226.05657958984375,309.7821350097656
14/02/2020,72.33998107910156,149,226.70387268066406,310.2784118652344
18/02/2020,72.45027160644531,150.91000366210938,226.7908935546875,309.4788818359375
19/02/2020,72.44181060791016,151.7899932861328,228.9647674560547,310.95855712890625
20/02/2020,72.61998748779297,152.41000366210938,226.83917236328125,309.68109130859375
21/02/2020,72.79816436767578,154.6999969482422,222.4817352294922,306.4919434
24/02/2020,73.02724457,156.08999633789062,213.90203857421875,296.3269348144531
25/02/2020,73.08663940429688,153.3000030517578,208.08566284179688,287.3476563
26/02/2020,73.04422760009766,153.97000122070312,209.1581268310547,286.2906494140625
27/02/2020,73.12903594970703,154,198.6847381591797,273.4328918457031
28/02/2020,73.61268615722656,148.3800048828125,198.8393555,272.2840881347656
02/03/2020,73.56420898,149.1999969482422,209.10015869140625,284.0757141113281
03/03/2020,74.00629425048828,153.88999938964844,202.39488220214844,275.9418640136719
04/03/2020,73.98926544189453,154.16000366210938,210.8392791748047,287.5406799316406
05/03/2020,74.26985168457031,157.49000549316406,204.43348693847656,277.98223876953125
06/03/2020,74.77993011,157.5500030517578,200.98423767089844,273.3869323730469
09/03/2020,74.61840057373047,157.80999755859375,187.0229949951172,252.0369415283203
10/03/2020,73.61523438,154.47999572753906,197.20651245117188,265.0784912109375
11/03/2020,72.22095489501953,153.92999267578125,188.6171875,252.15640258789062
12/03/2020,68.29324340820312,147.7899932861328,171.32261657714844,228.03077697753906
13/03/2020,71.17527008,143.27999877929688,185.83457946777344,247.52427673339844
16/03/2020,71.92341613769531,141.63999938964844,163.57388305664062,220.4392547607422
17/03/2020,70.43564606,143.55999755859375,175.9796142578125,232.34120178222656
18/03/2020,68.73533630371094,140.6999969482422,170.62693786621094,220.5771026611328
19/03/2020,68.69284057617188,138.0399932861328,171.6510772705078,221.0457763671875
20/03/2020,69.85749816894531,140.11000061035156,164.92649841308594,211.51998901367188
23/03/2020,71.40481567382812,146.3000030517578,165.04559326171875,206.1118164
24/03/2020,71.48132324,153.39999389648438,177.82635498046875,224.78628540039062
25/03/2020,72.44200134277344,151.3000030517578,176.5095215,228.1513214111328
26/03/2020,72.77357482910156,153.24000549316406,185.80459594726562,241.47305297851562
27/03/2020,73.16464233398438,152.25,179.41424560546875,234.2805938720703
30/03/2020,73.24117279052734,152.9199981689453,185.9401092529297,241.88900756835938
31/03/2020,72.56104278564453,148.0500030517578,184.35223388671875,238.28355407714844
01/04/2020,72.93592834472656,149.4499969482422,176.51922607421875,227.5596466064453
02/04/2020,73.27672576904297,151.89999389648438,180.1016845703125,232.8107147216797
03/04/2020,73.24263763427734,152.64999389648438,177.54551696777344,229.44561767578125
06/04/2020,73.47271728515625,156.8800048828125,190.23915100097656,244.8566131591797
07/04/2020,73.54089355,156.0399932861328,190.16165161132812,245.10623168945312
08/04/2020,73.72834014892578,154.64999389648438,194.19924926757812,253.3341064453125
09/04/2020,74.53780364990234,158.69000244140625,194.47999572753906,257.1891174316406
13/04/2020,74.29920196533203,161.41000366210938,196.5810547,254.84092712402344
14/04/2020,74.29920196533203,162.67999267578125,205.1306152,262.35699462890625
15/04/2020,74.66559600830078,161.85000610351562,202.77777099609375,256.7823486328125
16/04/2020,74.70822143554688,161.7100067138672,206.47647094726562,258.0211181640625
17/04/2020,74.60594177246094,158.57000732421875,208.45164489746094,264.99163818359375
20/04/2020,74.48666381835938,159.6999969482422,205.98265075683594,260.3231506347656
21/04/2020,74.58041381835938,158.61000061035156,198.3820037841797,252.4188232421875
22/04/2020,74.52074432373047,161.72999572753906,204.26885986328125,258.0211181640625
23/04/2020,74.64003754,163.33999633789062,203.83319091796875,258.0025939941406
24/04/2020,74.61446380615234,162.63999938964844,207.04771423339844,261.5988464355469
27/04/2020,74.35037231445312,161.55999755859375,208.71307373046875,265.3706970214844
28/04/2020,74.57189941,160.83999633789062,204.78201293945312,264.15045166015625
29/04/2020,74.62301635742188,161.72999572753906,212.04379272460938,271.0655822753906
30/04/2020,74.56335449,158.8000030517578,211.95663452148438,268.541748
01/05/2020,74.53260040283203,159.77999877929688,205.98265075683594,261.4324645996094
04/05/2020,74.60943603515625,160.33999633789062,208.3839111328125,262.1536560058594
05/05/2020,74.54114532470703,161.02000427246094,210.7463836669922,264.57562255859375
06/05/2020,74.20818328857422,158.9499969482422,212.04379272460938,262.78216552734375
07/05/2020,74.44725799560547,161.38999938964844,214.7742919921875,265.953125
08/05/2020,74.23378754,160.4199981689453,217.71771240234375,270.3536376953125
11/05/2020,74.00331879,159.4199981689453,219.6638184,270.4091491699219
12/05/2020,74.24232482910156,160.0399932861328,215.0646973,265.0194396972656
13/05/2020,74.3277359,161.5800018310547,212.37303161621094,260.33233642578125
14/05/2020,74.53260040283203,163.00999450683594,214.78390502929688,263.44781494140625
15/05/2020,74.57530975341797,163.92999267578125,216.1781463623047,264.65887451171875
18/05/2020,74.43869018554688,162.69000244140625,220.20606994628906,272.7203063964844
19/05/2020,74.53260040283203,164.25999450683594,219.65414428710938,269.9190673828125
20/05/2020,74.72897338867188,164.64999389648438,224.04022216796875,274.5045471191406
21/05/2020,74.80580139160156,162.25,221.60028076171875,272.6094055175781
22/05/2020,74.83143615722656,163.2100067138672,222.36520385742188,273.1270751953125
26/05/2020,74.78873443603516,160.88999938964844,221.7648926,276.49212646484375
27/05/2020,74.82289123535156,161.17999267578125,222.9752197265625,280.60614013671875
28/05/2020,74.84851837158203,161.72000122070312,222.68470764160156,280.0882873535156
29/05/2020,75.06195831298828,162.91000366210938,225.94769287109375,281.3363342285156
01/06/2020,75.00121307373047,163.66000366210938,226.62547302246094,282.4734802246094
02/06/2020,75.06109619140625,162.60000610351562,228.14556884765625,284.8124694824219
03/06/2020,74.88999938964844,159.60000610351562,229.17190551757812,288.60272216796875
04/06/2020,74.71037292480469,161.27999877929688,227.56466674804688,287.8446960449219
05/06/2020,74.70183563232422,158.00999450683594,232.07664489746094,295.2220153808594
08/06/2020,74.77881622314453,159.72000122070312,233.87753295898438,298.7904968261719
09/06/2020,74.83014678955078,161.25999450683594,235.5719451904297,296.5625305175781
10/06/2020,75.14662170410156,163.57000732421875,238.3992156982422,294.9076843261719
11/06/2020,75.00975036621094,162.38999938964844,226.5867156982422,277.9065856933594
12/06/2020,75.08672332763672,162.6199951171875,228.38766479492188,281.2347106933594
15/06/2020,75.24074554,162.3300018310547,231.16647338867188,283.8601989746094
16/06/2020,75.14662170410156,162.25,235.1362762451172,289.3238525390625
17/06/2020,75.16376495361328,162.55999755859375,235.88180541992188,288.1220703
18/06/2020,75.24926758,162.24000549316406,236.52088928222656,288.23297119140625
19/06/2020,75.27495574951172,164.02999877929688,236.48208618164062,286.58575439453125
22/06/2020,75.24926758,165.08999633789062,239.31814575195312,288.4242858886719
23/06/2020,75.21503448486328,166.47999572753906,241.35499572753906,289.75213623046875
24/06/2020,75.22360992,165.89999389648438,236.37928771972656,282.3609313964844
25/06/2020,75.30060577392578,165.8000030517578,238.62954711914062,285.3879395
26/06/2020,75.43748474121094,166.5399932861328,232.99424743652344,278.60955810546875
29/06/2020,75.48882293701172,166.6300048828125,235.53546142578125,282.7044677734375
30/06/2020,75.56575775146484,167.3699951171875,240.15228271484375,286.3257141113281
01/07/2020,75.58463287353516,166.6199951171875,242.9553985595703,288.3313293457031
02/07/2020,75.70458984,166.97999572753906,244.60423278808594,289.91925048828125
06/07/2020,75.67891693115234,167.97999572753906,250.61769104003906,294.3947754
07/07/2020,75.79888916015625,169.0399932861328,248.8912353515625,291.3585205078125
08/07/2020,75.75604248046875,170.08999633789062,252.16954040527344,293.5869445800781
09/07/2020,75.96170043945312,169.6300048828125,254.29376220703125,291.9155578613281
10/07/2020,75.87599945,169.19000244140625,256.0298767089844,294.8962097167969
13/07/2020,75.91026306152344,169.39999389648438,250.76319885253906,292.3428039550781
14/07/2020,76.00455474853516,170.19000244140625,252.53819274902344,296.13116455078125
15/07/2020,76.01312255859375,170.33999633789062,253.0522003173828,298.8517761230469
16/07/2020,76.06455231,168.72999572753906,251.32577514648438,297.8676452636719
17/07/2020,76.14163208007812,170.1199951171875,251.61672973632812,298.7311096191406
20/07/2020,76.21878814697266,170.94000244140625,258.7553711,301.1453552246094
21/07/2020,76.26162719726562,173,256.0589599609375,301.7860107421875
22/07/2020,76.36446380615234,175.6300048828125,256.9609680175781,303.5038146972656
23/07/2020,76.43300629,177.17999267578125,250.24913024902344,299.8825378417969
24/07/2020,76.41586303710938,178.6999969482422,247.8728485107422,297.9510803222656
27/07/2020,76.36446380615234,182.22999572753906,252.29568481445312,300.1239013671875
28/07/2020,76.39874267578125,183.75,249.08526611328125,298.2204284667969
29/07/2020,76.51871490478516,185.1300048828125,251.9562225341797,301.8881836
30/07/2020,76.56157684326172,183.75999450683594,253.27532958984375,300.8110352
31/07/2020,76.66439819335938,185.42999267578125,257.795166,303.1880798339844
03/08/2020,76.63778686523438,185.63999938964844,261.2771911621094,305.2959289550781
04/08/2020,76.80090332,189.58999633789062,262.2470397949219,306.4751281738281
05/08/2020,76.69790649414062,191.35000610351562,262.89691162109375,308.3786926269531
06/08/2020,76.81807708740234,193.88999938964844,266.3788757324219,310.4400329589844
07/08/2020,76.73223114013672,190.80999755859375,263.3042907714844,310.6628723144531
10/08/2020,76.64637756347656,190.14999389648438,262.1791992,311.5914306640625
11/08/2020,76.38024902,179.94000244140625,257.21319580078125,309.01934814453125
12/08/2020,76.18280792236328,179.10000610351562,263.6825256347656,313.3278809
13/08/2020,75.93384552001953,183.3300018310547,264.28387451171875,312.76141357421875
14/08/2020,75.84800720214844,182.5399932861328,263.97357177734375,312.770752
17/08/2020,75.94242095947266,186.5,267.03851318359375,313.7642517089844
18/08/2020,76.04544067382812,188.17999267578125,269.6087646484375,314.44207763671875
19/08/2020,75.91668701171875,182.24000549316406,267.7950744628906,313.1328125
20/08/2020,76.04544067382812,183.5,271.5097656,314.10784912109375
21/08/2020,76.20851898,182.02999877929688,273.3913879394531,315.2220153808594
24/08/2020,76.12273406982422,181,275.0984802246094,318.4162902832031
25/08/2020,75.97679901123047,181.22000122070312,277.2613830566406,319.5304260253906
26/08/2020,75.93384552001953,183.36000061035156,283.1779479980469,322.7339782714844
27/08/2020,75.65914154052734,181.24000549316406,282.29534912109375,323.4395751953125
28/08/2020,75.71920013427734,184.38999938964844,283.73077392578125,325.5289001464844
31/08/2020,75.94242095947266,184.8300018310547,286.0101318359375,324.34967041015625
01/09/2020,76.15139770507812,185.0500030517578,290.8985595703125,327.4045715332031
02/09/2020,76.31480407714844,182.6199951171875,293.6530456542969,332.1401367
03/09/2020,76.32334137,181.13999938964844,278.7648010253906,320.7097473144531
04/09/2020,75.87618255615234,181.63999938964844,275.0499267578125,318.0913086
08/09/2020,75.98799896240234,181.2899932861328,261.8299865722656,309.40008544921875
09/09/2020,75.93642426,183.0500030517578,269.5214538574219,315.5098876953125
10/09/2020,75.95356750488281,182.4600067138672,264.14813232421875,310.0314941
11/09/2020,76.03098297,182.4499969482422,262.31500244140625,310.1893310546875
14/09/2020,76.03098297,183.88999938964844,266.8833312988281,314.2749023
15/09/2020,76.07400512695312,183.4499969482422,270.6660156,315.862793
16/09/2020,76.05682373046875,183.97000122070312,266.3498535,314.6092529296875
17/09/2020,76.05682373046875,182.9600067138672,262.1888732910156,311.8421630859375
18/09/2020,75.97076416015625,183.1999969482422,258.84259033203125,308.2519836425781
21/09/2020,76.01380920410156,179.52000427246094,259.4633483886719,304.8213195800781
22/09/2020,76.03961181640625,178.64999389648438,264.28387451171875,307.9257507324219
23/09/2020,75.86759185791016,174.7899932861328,256.2141113,300.7846374511719
24/09/2020,75.87618255615234,175.44000244140625,257.4071350097656,301.5863952636719
25/09/2020,75.86759185791016,174.94000244140625,263.3916016,306.4621582
28/09/2020,75.93642426,176.6999969482422,268.86199951171875,311.5522766113281
29/09/2020,75.98799896240234,178.19000244140625,267.6494445800781,309.8554992675781
30/09/2020,75.86759185791016,177.1199951171875,269.48272705078125,312.204834
01/10/2020,75.94512176513672,178.6999969482422,273.7600098,314.2091369628906
02/10/2020,75.89344024658203,178.5399932861328,266.0588684082031,311.2259216308594
05/10/2020,75.60915375,179.41000366210938,271.7328796386719,316.7448425292969
06/10/2020,75.71251678466797,177.3000030517578,266.8833312988281,312.2420654296875
07/10/2020,75.60915375,177.22000122070312,271.50018310546875,317.6771240234375
08/10/2020,75.73838043,177.85000610351562,272.9452819824219,320.4925842285156
09/10/2020,75.75559997558594,181.0800018310547,277.1159668,323.35467529296875
12/10/2020,75.86759185791016,180.55999755859375,285.6706543,328.5566711425781
13/10/2020,75.92790222167969,177.72000122070312,285.6609191894531,326.4124755859375
14/10/2020,75.97094727,178.27000427246094,283.2749023,324.36151123046875
15/10/2020,75.92790222167969,178.9199981689453,281.3739318847656,323.96063232421875
16/10/2020,75.86759185791016,178.3000030517578,279.83172607421875,323.7648620605469
19/10/2020,75.79866790771484,178.38999938964844,275.2633361816406,318.8425598144531
20/10/2020,75.66947937011719,179.25,275.8551025390625,320.1195983886719
21/10/2020,75.58332061767578,180.60000610351562,275.64166259765625,319.5137939453125
22/10/2020,75.45410156,178.8300018310547,275.6319274902344,321.2663574
23/10/2020,75.54886627197266,178.63999938964844,276.1750488,322.35711669921875
26/10/2020,75.66083526611328,178.5500030517578,272.0335388183594,316.4000244140625
27/10/2020,75.84178924560547,179.02000427246094,274.15765380859375,315.3091735839844
28/10/2020,75.73838043,176.1300048828125,263.46917724609375,304.5323486328125
29/10/2020,75.57469177246094,175.39999389648438,268.0762939453125,307.62738037109375
30/10/2020,75.44551086425781,176.1999969482422,261.2771911621094,304.42047119140625
02/11/2020,75.54990387,177.91000366210938,261.8591309,307.8325195
03/11/2020,75.53262329101562,178.9199981689453,266.3886719,313.2675781
04/11/2020,76.05040740966797,178.82000732421875,278.2798767089844,320.2688293457031
05/11/2020,76.12807465,182.92999267578125,285.5349426269531,326.5150451660156
06/11/2020,75.95549011230469,183.19000244140625,285.74822998046875,326.4404297
09/11/2020,75.60165405273438,175.0800018310547,279.9092102050781,330.5423583984375
10/11/2020,75.45497894,175.66000366210938,274.8948059082031,330.0575866699219
11/11/2020,75.50675964355469,174.89999389648438,281.04412841796875,332.5093994140625
12/11/2020,75.75702667236328,175.9600067138672,279.72503662109375,329.28375244140625
13/11/2020,75.78289031982422,177.16000366210938,282.1789245605469,333.8425598144531
16/11/2020,75.82606506347656,177.14999389648438,284.3806152,338.0097351074219
17/11/2020,75.95549011230469,176.5,283.47857666015625,336.19183349609375
18/11/2020,76.04180145263672,175.49000549316406,281.3835754394531,332.1458740234375
19/11/2020,76.19712067,175.16000366210938,283.5853576660156,333.54425048828125
20/11/2020,76.26615142822266,175.69000244140625,281.6454162597656,331.2601623535156
23/11/2020,76.20574188232422,172.22999572753906,281.65521240234375,333.24591064453125
24/11/2020,76.12807465,169.58999633789062,285.61248779296875,338.61578369140625
25/11/2020,76.09355163574219,169.50999450683594,287.3680419921875,338.0936279296875
27/11/2020,76.25753021240234,167.7899932861328,290.0159912109375,339.03533935546875
30/11/2020,76.36103820800781,166.6699981689453,290.60748291015625,337.5343017578125
01/12/2020,76.13030242919922,170.17999267578125,294.33197021484375,341.2261047363281
02/12/2020,76.00064086914062,171.4600067138672,294.7102966308594,341.9440002441406
03/12/2020,76.14758301,172.80999755859375,295.12738037109375,341.8507080078125
04/12/2020,75.94879913330078,172.32000732421875,296.33001708984375,344.7966309
07/12/2020,76.05248260498047,174.88999938964844,298.0080261230469,344.08807373046875
08/12/2020,76.07843780517578,175.5,299.01678466796875,345.0950012207031
09/12/2020,75.94879913330078,172.5,292.2466125488281,341.99993896484375
10/12/2020,76.10437012,172.1699981689453,293.4202880859375,341.8879699707031
11/12/2020,76.22537231445312,172.49000549316406,292.7704772949219,341.4871826171875
14/12/2020,76.19942474365234,171.5399932861328,294.89459228515625,339.9582214355469
15/12/2020,76.23400115966797,173.94000244140625,298.0469055175781,344.55426025390625
16/12/2020,76.15622711,174.89999389648438,299.6860352,345.0950012207031
17/12/2020,76.17350006103516,176.74000549316406,301.6451721191406,347.0246887207031
18/12/2020,76.14758301,176.44000244140625,300.7334899902344,345.63909912109375
21/12/2020,76.15622711,175.8800048828125,300.1709289550781,344.4032897949219
22/12/2020,76.27724457,174.49000549316406,300.98712158203125,343.82281494140625
23/12/2020,76.19137573242188,175.64999389648438,299.4713134765625,344.13177490234375
24/12/2020,76.32144165039062,176.35000610351562,300.7927246,345.4705810546875
28/12/2020,76.29543304,175.7100067138672,303.8243713378906,348.4384460449219
29/12/2020,76.32144165039062,176.35000610351562,304.0964355,347.7736816
30/12/2020,76.37348937988281,177.6999969482422,304.1062012,348.2699890136719
31/12/2020,76.47755432128906,178.36000061035156,304.8543395996094,350.03948974609375
04/01/2021,76.37348937988281,182.3300018310547,300.5498352050781,345.27398681640625
05/01/2021,76.2434082,182.8699951171875,303.0276184082031,347.6520080566406
06/01/2021,75.90518951416016,179.89999389648438,298.83001708984375,349.73040771484375
07/01/2021,75.74911499023438,179.47999572753906,306.0592956542969,354.92657470703125
08/01/2021,75.67974090576172,173.33999633789062,309.9946289,356.9488220214844
11/01/2021,75.60166168,173,305.5152282714844,354.5426940917969
12/01/2021,75.58432006835938,174.1199951171875,305.0292969,354.6176452636719
13/01/2021,75.78378295898438,173.3699951171875,307.0893249511719,355.5725402832031
14/01/2021,75.68841552734375,173.27999877929688,305.4471130371094,354.3273620605469
15/01/2021,75.74911499023438,171.1300048828125,303.0276184082031,351.7433776855469
19/01/2021,75.85315704345703,172.5800018310547,307.4488220214844,354.50518798828125
20/01/2021,75.84449768066406,175.38999938964844,314.60028076171875,359.4111633300781
21/01/2021,75.74044036865234,175.27999877929688,317.11700439453125,359.7388000488281
22/01/2021,75.77510833740234,173.89999389648438,316.2035827636719,358.46551513671875
25/01/2021,75.94855499267578,174.0500030517578,318.8173828,359.8792419433594
26/01/2021,75.93989562988281,173.6199951171875,319.2838439941406,359.3175354003906
27/01/2021,75.93989562988281,172.52000427246094,310.3831787109375,350.53558349609375
28/01/2021,75.87918853759766,172.67999267578125,312.21966552734375,353.5502624511719
29/01/2021,75.81845092773438,172.61000061035156,305.65106201171875,346.47235107421875
01/02/2021,75.84362793,174.22999572753906,313.2885437011719,352.2395935058594
02/02/2021,75.74813079833984,172.11000061035156,318.39959716796875,357.2203063964844
03/02/2021,75.61782074,171.85000610351562,317.1364440917969,357.5012207
04/02/2021,75.63519287109375,168.14999389648438,320.8870544433594,361.5644836425781
05/02/2021,75.53096771240234,169.80999755859375,321.9753418,362.9875488
08/02/2021,75.61782074,171.52000427246094,324.1324768066406,365.60906982421875
09/02/2021,75.58307647705078,172.0800018310547,324.0644226074219,365.36566162109375
10/02/2021,75.70468903,172.7100067138672,323.3259277,365.2064208984375
11/02/2021,75.62652587890625,171.2100067138672,325.1041259765625,365.79620361328125
12/02/2021,75.42674255371094,170.69000244140625,326.92120361328125,367.60321044921875
16/02/2021,75.07065582,168.24000549316406,326.0369873046875,367.28485107421875
17/02/2021,75.22698974609375,166.3300018310547,324.4725341796875,367.3691101074219
18/02/2021,75.18354797363281,166.32000732421875,323.0539245605469,365.8056335449219
19/02/2021,74.92298126220703,167.00999450683594,321.6450195,365.1595764160156
22/02/2021,74.71450805664062,169.50999450683594,313.3080749511719,362.3509216308594
23/02/2021,74.69717407226562,169.1199951171875,312.37518310546875,362.7908935546875
24/02/2021,74.65373992919922,169,314.9501037597656,366.7886657714844
25/02/2021,74.00229645,165.82000732421875,303.9701843261719,357.95062255859375
26/02/2021,74.64504242,161.80999755859375,305.2430725097656,356.1062012
01/03/2021,74.54846191,161.52999877929688,314.4254150390625,364.7382813
02/03/2021,74.53977966308594,162.41000366210938,309.38238525390625,361.8922119140625
03/03/2021,74.30489349365234,160.6199951171875,300.40411376953125,357.0986633300781
04/03/2021,74.07003784179688,159.0399932861328,295.4873962402344,352.6795654296875
05/03/2021,74.02655029296875,159.13999938964844,299.9376525878906,359.1677246
08/03/2021,73.68730926513672,157.49000549316406,291.44525146484375,357.3795471191406
09/03/2021,73.93088531,160.83999633789062,302.9401550292969,362.4819641113281
10/03/2021,74.07003784179688,161.66000366210938,302.0753173828125,364.7382813
11/03/2021,74.07875824,161.52000427246094,309.03265380859375,368.43646240234375
12/03/2021,73.63509368896484,161.49000549316406,306.5256652832031,368.9326477050781
15/03/2021,73.72211456298828,162.1999969482422,309.8002014160156,371.1328430175781
16/03/2021,73.71340179,162.35000610351562,311.50067138671875,370.6646728515625
17/03/2021,73.68730926513672,163.50999450683594,312.78326416015625,371.9285583496094
18/03/2021,73.38283539,162.55999755859375,303.20257568359375,366.51715087890625
19/03/2021,73.44374084472656,163.24000549316406,304.2713623046875,365.8390197753906
22/03/2021,73.65252685546875,163,309.9774169921875,368.7602233886719
23/03/2021,73.81776428222656,161.80999755859375,308.6250915527344,365.8577575683594
24/03/2021,73.93088531,162.3699951171875,303.42010498046875,363.99798583984375
25/03/2021,73.87867736816406,161.77999877929688,302.8946838378906,366.0456237792969
26/03/2021,73.74819183,162.24000549316406,307.43817138671875,371.94451904296875
29/03/2021,73.65252685546875,160.30999755859375,307.3506164550781,371.7565918
30/03/2021,73.73078918457031,157.57000732421875,305.80364990234375,370.7703552246094
31/03/2021,73.69600677490234,159.9600067138672,310.4833679199219,372.2731934
01/04/2021,73.93313598632812,161.97999572753906,315.7760314941406,376.2933654785156
05/04/2021,73.81983184814453,161.9199981689453,322.0804138183594,381.69439697265625
06/04/2021,74.08135223388672,163.22000122070312,321.85662841796875,381.4689941
07/04/2021,73.99416351,162.75999450683594,322.6349792480469,381.9104309082031
08/04/2021,74.15979766845703,164.50999450683594,326.00115966796875,383.7232971191406
09/04/2021,74.06393432617188,163.27000427246094,327.9761962890625,386.51300048828125
12/04/2021,74.04647064208984,162.27999877929688,327.5481872558594,386.6539306640625
13/04/2021,74.23828125,163.42999267578125,331.3717346191406,387.7998352050781
14/04/2021,74.18597412109375,162.72000122070312,327.3924865722656,386.4754638671875
15/04/2021,74.49984741210938,165.35000610351562,332.3542785644531,390.62713623046875
16/04/2021,74.29931641,166.35000610351562,332.7434997558594,391.9328308105469
19/04/2021,74.25574493408203,165.88999938964844,329.69830322265625,390.00726318359375
20/04/2021,74.37779235839844,166.47999572753906,327.2951965332031,387.1517028808594
21/04/2021,74.45625305175781,168.1300048828125,330.0971374511719,390.81500244140625
22/04/2021,74.49113464355469,167.0399932861328,326.1180419921875,387.2456359863281
23/04/2021,74.49984741210938,166.39999389648438,330.2236022949219,391.44427490234375
26/04/2021,74.44754028320312,166.83999633789062,332.3737793,392.2614746
27/04/2021,74.25574493408203,166.4199981689453,330.9337463378906,392.177002
28/04/2021,74.29061889648438,166.91000366210938,329.8150329589844,392.0643005371094
29/04/2021,74.22955322265625,166.22000122070312,331.0019836425781,394.5628356933594
30/04/2021,74.33420563,165.66000366210938,328.8323669433594,391.9703063964844
03/05/2021,74.35253906,167.80999755859375,327.0812072753906,392.8157043457031
04/05/2021,74.44855499267578,166.5800018310547,321.1950378417969,390.392334
05/05/2021,74.49223327636719,167.27000427246094,320.1151123046875,390.5144348144531
06/05/2021,74.52715301513672,170.05999755859375,322.5279846191406,393.6329345703125
07/05/2021,74.53588867,171.58999633789062,325.1450500488281,396.49774169921875
10/05/2021,74.36125946044922,172.11000061035156,316.9336853027344,392.57147216796875
11/05/2021,74.21282958984375,172.13999938964844,316.4959411621094,389.0678405761719
12/05/2021,73.95086669921875,170.42999267578125,308.3041076660156,380.8020324707031
13/05/2021,74.09929656982422,171.1300048828125,310.6876525878906,385.3764648
14/05/2021,74.27394867,172.69000244140625,317.5467529296875,391.29400634765625
17/05/2021,74.20407104492188,174.6999969482422,315.6202697753906,390.2983398
18/05/2021,74.12549591064453,175.0399932861328,313.4896545410156,386.9356994628906
19/05/2021,74.04692077636719,175.16000366210938,313.8495788574219,385.9211730957031
20/05/2021,74.29140472,175.9600067138672,319.92059326171875,390.0729675292969
21/05/2021,74.30887603759766,176.0399932861328,318.1499023,389.7535705566406
24/05/2021,74.39617156982422,176.35000610351562,323.5008544921875,393.7268066
25/05/2021,74.58826446533203,177.9499969482422,323.94842529296875,392.8532409667969
26/05/2021,74.56210327148438,177.63999938964844,325.07696533203125,393.6329345703125
27/05/2021,74.45730590820312,177.7100067138672,323.8608703613281,393.83953857421875
28/05/2021,74.44855499267578,178.3800048828125,324.8824157714844,394.5440368652344
01/06/2021,74.44332122802734,177.89999389648438,323.8024902,394.1964416503906
02/06/2021,74.52203369140625,178.77000427246094,324.4348449707031,394.8164063
03/06/2021,74.38208770751953,175.27000427246094,321.0588684082031,393.3511047363281
04/06/2021,74.67947387695312,177.16000366210938,326.5071716308594,396.9485778808594
07/06/2021,74.62697601,177.8699951171875,327.4800109863281,396.5635070800781
08/06/2021,74.76694489,177.32000732421875,327.6357422,396.6480407714844
09/06/2021,74.91558837890625,176.97999572753906,327.71356201171875,396.0563049316406
10/06/2021,75.07302094,177.74000549316406,331.12847900390625,397.8972473144531
11/06/2021,75.05554199,175.74000549316406,331.9942932128906,398.5548400878906
14/06/2021,74.86313629,174.7100067138672,335.1757507324219,399.4472351074219
15/06/2021,74.86313629,174.0500030517578,332.9867248535156,398.7145080566406
16/06/2021,74.65322113,171.11000061035156,331.77056884765625,396.4883117675781
17/06/2021,74.90688324,165.85000610351562,335.9831848144531,396.3568420410156
18/06/2021,75.14298248291016,164.92999267578125,333.34661865234375,391.00982666015625
21/06/2021,74.88064575195312,166.9499969482422,335.418457,396.6075439453125
22/06/2021,74.98561096191406,166.25,338.5450439453125,398.7278747558594
23/06/2021,74.93308258,166.13999938964844,338.7106628417969,398.24725341796875
24/06/2021,74.96808624267578,166.0399932861328,340.8048095703125,400.60321044921875
25/06/2021,74.82814789,166.58999633789062,340.3859863,402.0261535644531
28/06/2021,75.02929688,166.5800018310547,344.5256042480469,402.83660888671875
29/06/2021,75.06430053710938,164.8300018310547,345.7723693847656,403.0533752441406
30/06/2021,75.11676788330078,165.6300048828125,345.2268981933594,403.3926086425781
01/07/2021,75.10975646972656,166.1999969482422,345.36334228515625,405.6260681152344
02/07/2021,75.24114990234375,167.2899932861328,349.3276367,408.7264404296875
06/07/2021,75.51266479492188,168.1199951171875,350.8374328613281,407.9820556640625
07/07/2021,75.67032623291016,168.75999450683594,351.57769775390625,409.4238281
08/07/2021,75.74038696289062,168.64999389648438,349.45428466796875,406.0878906
09/07/2021,75.50392914,169.2100067138672,351.6361083984375,410.42279052734375
12/07/2021,75.47761535644531,169,353.0095215,411.8928527832031
13/07/2021,75.24114990234375,169.22000122070312,353.0095215,410.4886779785156
14/07/2021,75.49514770507812,171.0399932861328,353.6426696777344,411.1011657714844
15/07/2021,75.67912292480469,171.07000732421875,351.1587829589844,409.6971740722656
16/07/2021,75.60903930664062,169.41000366210938,348.31463623046875,406.4836120605469
19/07/2021,76.03820801,169.61000061035156,345.46075439453125,400.48065185546875
20/07/2021,75.95939636230469,169.38999938964844,349.47369384765625,406.2197266
21/07/2021,75.71412658691406,168.75999450683594,352.1717834472656,409.5086364746094
22/07/2021,75.88054656982422,169.08999633789062,354.4997253417969,410.3662109
23/07/2021,75.79296112060547,168.55999755859375,358.6393737792969,414.58807373046875
26/07/2021,75.74913787841797,168.16000366210938,358.9217834472656,415.6058349609375
27/07/2021,75.94187927246094,168.44000244140625,354.9672546386719,413.7115783691406
28/07/2021,76.01194,169.2899932861328,356.33087158203125,413.5419006347656
29/07/2021,75.88054656982422,171.1699981689453,356.9640808105469,415.25714111328125
30/07/2021,75.99443054199219,169.82000732421875,355.10369873046875,413.2403564453125
02/08/2021,76.17514038085938,169.61000061035156,355.1329345703125,412.3734130859375
03/08/2021,76.19270324707031,169.49000549316406,357.2854919433594,415.7283020019531
04/08/2021,76.19270324707031,169.52999877929688,357.80169677734375,413.6833190917969
05/08/2021,76.01722717285156,168.86000061035156,360.07122802734375,416.30316162109375
06/08/2021,75.65754699707031,164.63999938964844,358.4932861328125,416.9911804199219
09/08/2021,75.51718903,161.72000122070312,359.1556701660156,416.6518555
10/08/2021,75.40311431884766,161.77000427246094,357.3146973,417.17010498046875
11/08/2021,75.45576477050781,164,356.7010498046875,418.2068176269531
12/08/2021,75.46453094482422,164.0399932861328,357.9868469238281,419.4601135253906
13/08/2021,75.76280975341797,166.38999938964844,359.2432861328125,420.2234191894531
16/08/2021,75.83300018310547,167.22000122070312,359.3990783691406,421.2129821777344
17/08/2021,75.75404357910156,166.97000122070312,356.2335205078125,418.4518127441406
18/08/2021,75.73651123046875,167.10000610351562,352.8049011230469,413.8718262
19/08/2021,75.90317535,166.61000061035156,354.5095520019531,414.51263427734375
20/08/2021,75.88563537597656,166.6999969482422,358.1816101074219,417.8110046386719
23/08/2021,75.90317535,168.72999572753906,363.5387878417969,421.48626708984375
24/08/2021,75.75404357910156,168.64999389648438,364.6491394042969,422.1553649902344
25/08/2021,75.63121032714844,167.47999572753906,365.0679931640625,423.0411376953125
26/08/2021,75.64000701904297,167.6699981689453,362.74981689453125,420.5438537597656
27/08/2021,75.85929870605469,170.19000244140625,366.27581787109375,424.3039245605469
30/08/2021,75.94705963134766,169.35000610351562,370.3863220214844,426.1698303222656
31/08/2021,75.85053253173828,169.69000244140625,370.0843200683594,425.5384216308594
01/09/2021,75.86373138427734,169.6999969482422,370.69793701171875,425.7645263671875
02/09/2021,75.96915435791016,169.25,370.52264404296875,427.0744934082031
03/09/2021,75.81100463867188,171.05999755859375,371.6622314453125,426.9708251953125
07/09/2021,75.59133148,167.7100067138672,372.1882019042969,425.4441833496094
08/09/2021,75.71436309814453,167.2899932861328,370.8927917480469,424.9258728027344
09/09/2021,75.98672485351562,168.02999877929688,369.6167907714844,423.10711669921875
10/09/2021,75.80223083496094,167.17999267578125,366.8115234,419.7710876464844
13/09/2021,75.91644287109375,167.74000549316406,366.5582580566406,420.8453674316406
14/09/2021,76.10095977783203,168.82000732421875,365.5161133,418.5743408203125
15/09/2021,76.03065490722656,167.8300018310547,368.2336730957031,422.0705566
16/09/2021,75.89003754,164.02999877929688,368.48687744140625,421.40142822265625
17/09/2021,75.79343414,163.77000427246094,364.1231689453125,417.29644775390625
20/09/2021,76.00431060791016,164.94000244140625,356.5992431640625,410.3384094238281
21/09/2021,75.98672485351562,166.0399932861328,357.0379943847656,409.9508361816406
22/09/2021,76.06581115722656,165.4199981689453,360.3729248046875,413.94976806640625
23/09/2021,75.66164398,163.50999450683594,363.6981201171875,418.9792785644531
24/09/2021,75.50347900390625,163.3000030517578,364.0393371582031,419.6694336
27/09/2021,75.41560363769531,163.63999938964844,361.13348388671875,418.46881103515625
28/09/2021,75.09050750732422,162.0500030517578,350.91424560546875,410.0358887
29/09/2021,75.09928894042969,161.32000732421875,350.3390197753906,410.72601318359375
30/09/2021,75.08171081542969,164.22000122070312,349.05181884765625,405.70599365234375
01/10/2021,75.33692932128906,164.58999633789062,351.2165832519531,410.5274963378906
04/10/2021,75.28411865234375,165.36000061035156,343.8447570800781,405.2333068847656
05/10/2021,75.09931182861328,164.58999633789062,348.4862976074219,409.44976806640625
06/10/2021,75.13448333740234,165.02999877929688,350.7193908691406,411.1514587402344
07/10/2021,74.92330932617188,164.16000366210938,353.9371032714844,414.7061462402344
08/10/2021,74.73853302001953,164.22999572753906,352.17218017578125,413.94976806640625
11/10/2021,74.62412262,163.9199981689453,349.47113037109375,410.9529113769531
12/10/2021,74.89691925048828,164.66000366210938,348.25225830078125,409.9413757324219
13/10/2021,75.09931182861328,167.58999633789062,351.04107666015625,411.4161376953125
14/10/2021,75.23133087158203,168,357.5060729980469,418.3364258
15/10/2021,75.04650879,165.3300018310547,359.7586364746094,421.5224609
18/10/2021,75.00253295898438,164.9199981689453,363.37628173828125,422.77032470703125
19/10/2021,74.79133605957031,165.4499969482422,366.1260681152344,426.03192138671875
20/10/2021,74.70333862304688,166.89999389648438,365.6483154296875,427.7052307128906
21/10/2021,74.59771728515625,166.75,367.8813171386719,428.8208008
22/10/2021,74.75610352,167.77000427246094,364.7901916503906,428.3764648
25/10/2021,74.79133605957031,168.92999267578125,368.5248718261719,430.6738586425781
26/10/2021,74.94092559814453,167.67999267578125,369.6853027,431.0614013671875
27/10/2021,75.21371459960938,168.1199951171875,370.5434265136719,429.1517333984375
28/10/2021,75.11691284179688,168.0800018310547,374.6583251953125,433.2925720214844
29/10/2021,75.13448333740234,166.64999389648438,376.5013427734375,434.1717834472656
01/11/2021,75.07633972167969,167.52000427246094,377.7884216308594,434.9186096191406
02/11/2021,75.21736145019531,167.16000366210938,379.3681335449219,436.6771545410156
03/11/2021,75.08516693115234,165.77000427246094,383.3953552246094,439.34307861328125
04/11/2021,75.42889404296875,167.64999389648438,388.3099365234375,441.41351318359375
05/11/2021,75.65804290771484,169.83999633789062,388.68048095703125,442.9450988769531
08/11/2021,75.49060059,170.4499969482422,388.1539001464844,443.3232116699219
09/11/2021,75.70214080810547,171.2899932861328,385.48211669921875,441.8578796386719
10/11/2021,75.19092559814453,173.14999389648438,379.81671142578125,438.3031005859375
11/11/2021,75.06752014160156,174.1199951171875,380.8697814941406,438.4449768066406
12/11/2021,75.07633972167969,174.4499969482422,384.87750244140625,441.75384521484375
15/11/2021,74.76785278320312,174.17999267578125,384.78973388671875,441.90509033203125
16/11/2021,74.71496582,172.9199981689453,387.52984619140625,443.6540527
17/11/2021,74.87361907958984,174.5,387.73455810546875,442.5763244628906
18/11/2021,74.96176147460938,173.94000244140625,391.7520751953125,444.07952880859375
19/11/2021,75.12042999267578,172.61000061035156,393.9363708496094,443.2854309082031
22/11/2021,74.75022888183594,168.74000549316406,389.3630371,442.03741455078125
23/11/2021,74.45056152,167.27999877929688,387.5883789,442.6236572265625
24/11/2021,74.62682342529297,167.1199951171875,388.83648681640625,443.80535888671875
26/11/2021,75.15567779541016,166.85000610351562,381.46466064453125,433.90704345703125
29/11/2021,75.14685821533203,166.6199951171875,389.7434082,439.2296447753906
30/11/2021,75.28787994384766,165.5,384.01947021484375,430.6832275390625
01/12/2021,75.33643341064453,166.16000366210938,377.48614501953125,425.8996276855469
02/12/2021,75.34526062011719,165.24000549316406,380.20672607421875,432.4227600097656
03/12/2021,75.63658142089844,166.6300048828125,373.595459,428.6601257324219
06/12/2021,75.43353271484375,166.22000122070312,376.5890808105469,433.7369079589844
07/12/2021,75.26577758789062,166.80999755859375,387.9297180175781,442.70867919921875
08/12/2021,75.03627014160156,166.89999389648438,389.6653747558594,443.8810119628906
09/12/2021,75.07162475585938,165.8800048828125,383.9317321777344,440.88409423828125
10/12/2021,75.09804535,166.5800018310547,388.1051940917969,445.0344238
13/12/2021,75.35409545898438,167,382.4982604980469,441.09210205078125
14/12/2021,75.23049926757812,165.44000244140625,378.53924560546875,438.057373
15/12/2021,75.13337707519531,166.14999389648438,387.1690368652344,444.9020080566406
16/12/2021,75.23049926757812,168.16000366210938,377.2131652832031,440.9786071777344
17/12/2021,75.36293793,167.8000030517578,375.3311767578125,436.2853698730469
20/12/2021,75.23932647705078,167.08999633789062,371.6902770996094,431.6461486816406
21/12/2021,75.15986633300781,167.02000427246094,380.0088806152344,439.31170654296875
22/12/2021,75.23932647705078,168.58999633789062,384.6368408203125,443.70428466796875
23/12/2021,75.12509155273438,168.97000122070312,387.53668212890625,446.4650879
27/12/2021,75.16052246,169.3699951171875,393.9416504,452.78350830078125
28/12/2021,75.15164184570312,168.63999938964844,392.1157531738281,452.4134826660156
29/12/2021,74.90367889404297,168.58999633789062,392.05718994140625,452.9921875
30/12/2021,75.07193756103516,169.8000030517578,390.88555908203125,451.7398681640625
31/12/2021,75.05424499511719,170.9600067138672,388.4446716308594,450.6014709472656
03/01/2022,74.54946136,168.3300018310547,392.18414306640625,453.21038818359375
04/01/2022,74.54059600830078,169.57000732421875,387.0971984863281,453.0586242675781
05/01/2022,74.28377532958984,169.05999755859375,375.2051696777344,444.3588562011719
06/01/2022,74.20406341552734,166.99000549316406,374.9415588378906,443.9414367675781
07/01/2022,74.0003891,167.75,370.8799743652344,442.1863098144531
10/01/2022,73.93836975097656,168.25999450683594,371.1239929199219,441.6360778808594
11/01/2022,74.08892822265625,170.2899932861328,376.6990966796875,445.6585998535156
12/01/2022,74.06235504,170.74000549316406,378.1929016113281,446.8635254
13/01/2022,74.18634033203125,170.16000366210938,368.7319641113281,440.7063293457031
14/01/2022,73.77897644042969,169.6699981689453,371.02642822265625,440.88665771484375
18/01/2022,73.31844329833984,169.38999938964844,361.7900085449219,433.07867431640625
19/01/2022,73.49557495117188,172.0800018310547,357.8162841796875,428.5817565917969
20/01/2022,73.57529449,171.64999389648438,353.1687927246094,423.83819580078125
21/01/2022,73.84979248046875,171.08999633789062,343.37591552734375,415.51800537109375
24/01/2022,73.73469543457031,172.02999877929688,344.9478454589844,417.2826232910156
25/01/2022,73.63729095458984,172.5800018310547,336.9513854980469,412.1879577636719
26/01/2022,73.22990417480469,169.7899932861328,336.4241638183594,411.15386962890625
27/01/2022,73.46900939941406,167.60000610351562,333.0363464355469,409.12359619140625
28/01/2022,73.55757141113281,167.10000610351562,343.4833068847656,419.28436279296875
31/01/2022,73.50440216064453,168.08999633789062,354.4673156738281,426.8361511230469
01/02/2022,73.47518157958984,168.22999572753906,356.8789063,429.7201843261719
02/02/2022,73.58163452148438,168.83999633789062,359.7786865234375,433.89459228515625
03/02/2022,73.27114868164062,168.60000610351562,345.1919250488281,423.6958923339844
04/02/2022,72.81872559,168.86000061035156,349.5465393066406,425.68817138671875
07/02/2022,72.88084411621094,170.11000061035156,346.73455810546875,424.3221130371094
08/02/2022,72.64131927490234,170.6300048828125,350.630127,427.81329345703125
09/02/2022,72.69458008,171.2100067138672,358.0603332519531,434.0748596191406
10/02/2022,72.02924346923828,170.55999755859375,349.956543,426.2763672
11/02/2022,72.49940490722656,173.80999755859375,338.8553161621094,417.8708496
14/02/2022,72.09136199951172,174.74000549316406,339.2751770019531,416.5046387
15/02/2022,71.94055176,173.0800018310547,347.7109375,423.2215881347656
16/02/2022,72.03813171386719,174.86000061035156,347.6230469,423.6958923339844
17/02/2022,72.19782257080078,177.25,337.2834167480469,414.6451416015625
18/02/2022,72.32198333740234,177.1199951171875,333.4365539550781,411.9603271484375
22/02/2022,72.27761078,177.49000549316406,330.0876465,407.5393066
23/02/2022,71.91393280029297,178.2899932861328,321.63238525390625,400.3100280761719
24/02/2022,72.0736084,177.13999938964844,332.4407043457031,406.33441162109375
25/02/2022,72.1357193,176.5500030517578,337.5958557128906,415.29974365234375
28/02/2022,72.66793823242188,178.3800048828125,338.6014404296875,414.2372131347656
01/03/2022,73.04907227,181.6199951171875,333.4170227050781,407.9283142089844
02/03/2022,72.15174102783203,179.72999572753906,339.01153564453125,415.4325866699219
03/03/2022,72.47160339355469,180.8000030517578,334.1688232421875,413.3644104003906
04/03/2022,72.72922516,183.67999267578125,329.3260498046875,410.0059814453125
07/03/2022,72.37384796142578,186.41000366210938,317.18011474609375,397.9192810058594
08/03/2022,72.03626251220703,191.50999450683594,315.70587158203125,394.9024353027344
09/03/2022,71.84079742,185.82000732421875,327.0706481933594,405.4900817871094
10/03/2022,71.45874023,186.39999389648438,323.4386291503906,403.65911865234375
11/03/2022,71.40544128417969,185.08999633789062,316.7309875488281,398.5264587402344
14/03/2022,70.74797058105469,182.3000030517578,310.6483459472656,395.6138610839844
15/03/2022,70.86348724365234,178.88999938964844,320.39239501953125,404.3136901855469
16/03/2022,70.97010040283203,180.00999450683594,332.27471923828125,413.27899169921875
17/03/2022,71.03228759765625,180.88999938964844,336.2973327636719,418.4495544433594
18/03/2022,71.23662567138672,179.3000030517578,343.18060302734375,423.03265380859375
21/03/2022,70.50811767578125,180.6699981689453,342.2265319824219,422.9090270996094
22/03/2022,70.33041381835938,179.36000061035156,348.95220947265625,427.85760498046875
23/03/2022,70.65025329589844,181.80999755859375,343.9372559,422.34747314453125
24/03/2022,70.56142426,183.1300048828125,351.5817871,428.7141418457031
25/03/2022,69.93948364257812,182.3800048828125,351.2885437011719,430.8077697753906
28/03/2022,70.14380645751953,179.05999755859375,356.72381591796875,433.87213134765625
29/03/2022,70.45479583740234,179.13999938964844,362.86297607421875,439.2394714355469
30/03/2022,70.61471557617188,180.5800018310547,358.8549499511719,436.52728271484375
31/03/2022,70.66801452636719,180.64999389648438,354.4070129394531,429.8085632324219
01/04/2022,70.51483154296875,179.5,353.7324523925781,431.02667236328125
04/04/2022,70.56828308105469,180.3699951171875,361.0153503417969,434.7191162109375
05/04/2022,69.85573578,179.24000549316406,352.9992370605469,429.2280578613281
06/04/2022,69.64198303222656,179.66000366210938,345.33514404296875,424.9360046386719
07/04/2022,69.49947357177734,180.33999633789062,346.15631103515625,427.0772705078125
08/04/2022,69.12538146972656,181.47000122070312,341.3174133300781,425.9353027
11/04/2022,68.80473327636719,182.3699951171875,333.2427062988281,418.6550598144531
12/04/2022,69.02740478515625,183.77000427246094,331.8349914550781,417.10382080078125
13/04/2022,69.10755920410156,184.64999389648438,338.5802001953125,421.8812255859375
14/04/2022,68.63549041748047,184.0399932861328,330.8378601074219,416.6280212402344
18/04/2022,68.4128418,184.61000061035156,331.092041,416.7993469238281
19/04/2022,67.98530578613281,181.82000732421875,338.49224853515625,423.5275879
20/04/2022,68.4128418,182.7100067138672,333.5555114746094,423.2135009765625
21/04/2022,68.04766082763672,182.05999755859375,326.6539306640625,416.8849792480469
22/04/2022,67.95861053466797,180.2899932861328,318.10015869140625,405.4460144042969
25/04/2022,68.38611602783203,177.0500030517578,322.1863708496094,407.7966309
26/04/2022,68.56425476074219,177.32000732421875,310.0255126953125,395.9864807128906
27/04/2022,68.35047912597656,175.97999572753906,309.6540222167969,397.0999755859375
28/04/2022,68.32374572753906,176.92999267578125,320.6516418457031,407.13043212890625
29/04/2022,67.86058044433594,176.91000366210938,306.2227783203125,392.0846862792969
02/05/2022,67.51350402832031,173.6300048828125,311.3354187011719,394.44476318359375
03/05/2022,67.67409515,174.08999633789062,311.6678161621094,396.25299072265625
04/05/2022,68.11135864257812,175.8000030517578,322.20599365234375,408.3199768066406
05/05/2022,67.43317413330078,175.1300048828125,305.9783630371094,393.8071594238281
06/05/2022,67.14762115478516,175.4199981689453,302.3124694824219,391.456543
09/05/2022,67.45103454589844,172.8800048828125,290.4838562011719,378.92315673828125
10/05/2022,67.64736176,171.4199981689453,294.01300048828125,379.7987060546875
11/05/2022,67.87936401367188,172.82000732421875,285.2930603027344,373.76519775390625
12/05/2022,68.01320648,170.1699981689453,284.6185302734375,373.375
13/05/2022,67.76335144042969,168.7899932861328,295.1665039,382.3016052246094
16/05/2022,67.87041473388672,170.39999389648438,291.7449645996094,380.7503967285156
17/05/2022,67.46887207,169.3300018310547,299.30157470703125,388.5825500488281
18/05/2022,67.75441742,169.4199981689453,284.6087646484375,372.9182129
19/05/2022,67.89720153808594,171.91000366210938,283.0837707519531,370.6341857910156
20/05/2022,68.10243988,172.02999877929688,282.2039489746094,370.79595947265625
23/05/2022,67.86151885986328,172.8300018310547,286.8962402,377.7336120605469
24/05/2022,68.41474151611328,174.1300048828125,280.7962341308594,374.8500671386719
25/05/2022,68.69137573242188,173.0800018310547,284.7261047363281,378.1618347167969
26/05/2022,68.61998748779297,172.75999450683594,292.6150817871094,385.71807861328125
27/05/2022,68.81629180908203,172.85000610351562,302.16583251953125,395.18707275390625
31/05/2022,68.42366027832031,171.13999938964844,301.36419677734375,392.9696960449219
01/06/2022,68.11790466308594,172.22999572753906,299.1354064941406,389.7911682128906
02/06/2022,68.18050384521484,174.35000610351562,307.32745361328125,397.21405029296875
03/06/2022,68.08213043,172.5800018310547,299.3309020996094,390.69525146484375
06/06/2022,67.67982482910156,171.82000732421875,300.3280334472656,391.88482666015625
07/06/2022,67.91227722167969,172.94000244140625,302.9185485839844,395.64385986328125
08/06/2022,67.63512420654297,172.77999877929688,300.73858642578125,391.34234619140625
09/06/2022,67.54570007324219,172.22999572753906,292.6834716796875,382.03509521484375
10/06/2022,66.97351074,174.5399932861328,282.36029052734375,370.9577331542969
13/06/2022,65.89168548583984,169.92999267578125,269.2316589355469,356.8731994628906
14/06/2022,65.53411102294922,168.57000732421875,269.7204284667969,355.79779052734375
15/06/2022,66.28509521484375,170.77000427246094,276.4558105,360.8701172
16/06/2022,66.42816925048828,172.69000244140625,265.3018493652344,348.92681884765625
17/06/2022,66.46388244628906,171.27000427246094,268.5278015136719,349.6789245605469
21/06/2022,66.15992736816406,170.6300048828125,275.3025817871094,358.4816895
22/06/2022,66.70529938,171.30999755859375,274.9010009765625,357.8317871
23/06/2022,67.02717590332031,170.25999450683594,278.9950866699219,361.3394470214844
24/06/2022,66.90199279785156,170.08999633789062,288.5544738769531,372.8277893066406
27/06/2022,66.58013916015625,169.89999389648438,286.4389648,371.4037170410156
28/06/2022,66.61591339111328,169.6199951171875,277.7120056152344,363.8149108886719
29/06/2022,67.00034332,169.49000549316406,277.9667053222656,363.51861572265625
30/06/2022,67.28643798828125,168.4600067138672,274.519043,360.5653076171875
01/07/2022,67.82302856445312,168.32000732421875,276.3310241699219,364.3787841796875
05/07/2022,67.93946838378906,164.75,281.0617676,365.06695556640625
06/07/2022,67.52742004394531,162.13999938964844,282.8638916015625,366.29986572265625
07/07/2022,67.33929443359375,162.22999572753906,288.9169616699219,371.7860107421875
08/07/2022,67.11531829833984,162.3000030517578,289.27935791015625,371.4801940917969
11/07/2022,67.36617279052734,161.42999267578125,283.0990295410156,367.23651123046875
12/07/2022,67.48262786865234,160.8300018310547,280.3565673828125,363.9868469238281
13/07/2022,67.69760131835938,161.60000610351562,279.7785949707031,362.0753479003906
14/07/2022,67.48262786865234,159.3300018310547,280.7776794433594,361.1960449
15/07/2022,67.7244873,159.00999450683594,285.8708496,368.0967102050781
18/07/2022,67.51846313476562,159.16000366210938,283.45159912109375,365.05743408203125
19/07/2022,67.46472168,159.5399932861328,292.16864013671875,374.92095947265625
20/07/2022,67.40202331542969,158.0399932861328,296.8014221191406,377.3103332519531
21/07/2022,67.95739746,160.27000427246094,301.0621032714844,381.1526184082031
22/07/2022,68.51282501220703,160.6699981689453,295.78277587890625,377.6162109
25/07/2022,68.26199340820312,160.22999572753906,294.0981445,378.07501220703125
26/07/2022,68.27991485595703,160.0399932861328,288.3194885253906,373.6020508
27/07/2022,68.46804047,161.6699981689453,300.5037841796875,383.3030700683594
28/07/2022,68.94281768798828,163.63999938964844,303.4420471191406,388.1106262207031
29/07/2022,68.88907623291016,164.10000610351562,308.9759826660156,393.7687988
01/08/2022,69.18797302246094,165.02999877929688,308.78985595703125,392.6027526855469
02/08/2022,68.48783874511719,164.0500030517578,307.8691711425781,390.0126037597656
03/08/2022,68.82894897460938,164.4499969482422,316.2532653808594,396.1200256347656
04/08/2022,68.99949645996094,167.1699981689453,317.7322082519531,395.85235595703125
05/08/2022,68.21855163574219,165.2899932861328,315.1366882324219,395.1833496
08/08/2022,68.52375030517578,166.69000244140625,314.1180725097656,394.72454833984375
09/08/2022,68.37114715576172,167.1999969482422,310.5626525878906,393.1571350097656
10/08/2022,68.55963897705078,166.77999877929688,319.23077392578125,401.41497802734375
11/08/2022,68.17369842529297,166.33999633789062,317.41876220703125,401.41497802734375
12/08/2022,68.48783874511719,167.8699951171875,323.59906005859375,408.21051025390625
15/08/2022,68.55963897705078,165.7100067138672,326.2142333984375,409.8926696777344
16/08/2022,68.46987915039062,165.4199981689453,325.4502258300781,410.6955566
17/08/2022,68.06597900390625,164.35000610351562,321.73822021484375,407.78033447265625
18/08/2022,68.1916275,163.9199981689453,322.5118713378906,408.9656066894531
19/08/2022,67.76078033447266,162.72000122070312,316.2238464355469,403.4699401855469
22/08/2022,67.45556641,161.63999938964844,307.8985900878906,395.0686340332031
23/08/2022,67.42865753173828,162.77000427246094,307.6438903808594,394.11285400390625
24/08/2022,67.25809478759766,163.25,308.53521728515625,395.3745117
25/08/2022,67.62611389160156,163.75,313.9906921386719,400.9561767578125
26/08/2022,67.49148559570312,161.75999450683594,301.1208190917969,387.3842468261719
29/08/2022,67.18629455566406,161.86000061035156,298.1530762,384.8227233886719
30/08/2022,67.24016571044922,160.50999450683594,294.8327331542969,380.5982360839844
31/08/2022,66.96189117,159.27000427246094,293.1186828613281,377.70220947265625
01/09/2022,66.59854125976562,157.8699951171875,293.2460938,378.8874512
02/09/2022,66.76941680908203,159.25999450683594,289.10296630859375,374.8922424316406
06/09/2022,66.16676330566406,158.3300018310547,287.0265197753906,373.4777832
07/09/2022,66.64347839355469,159.94000244140625,292.8249206542969,380.18719482421875
08/09/2022,66.43661499023438,158.97999572753906,294.3430480957031,382.6722717285156
09/09/2022,66.40962219238281,159.82000732421875,300.7779846191406,388.61712646484375
12/09/2022,66.32865142822266,160.6300048828125,304.35296630859375,392.7939453
13/09/2022,65.99584197998047,158.5399932861328,287.6632995605469,375.71429443359375
14/09/2022,66.07679748535156,157.92999267578125,289.9453430175781,377.14788818359375
15/09/2022,65.87892150878906,154.97999572753906,285.1166687011719,372.8659668
16/09/2022,65.80697631835938,155.83999633789062,283.37322998046875,370.0214538574219
19/09/2022,65.76196289,155.9600067138672,285.5799255371094,372.89105224609375
20/09/2022,65.43816375732422,155.07000732421875,283.3036193847656,368.6107177734375
21/09/2022,65.61806488,155.7899932861328,278.2307434082031,362.18072509765625
22/09/2022,64.94345856,155.6999969482422,274.80633544921875,359.13848876953125
23/09/2022,64.76354217529297,153.00999450683594,270.33197021484375,353.1212158203125
26/09/2022,63.93602371,151.22999572753906,269.2134704589844,349.6278991699219
27/09/2022,63.65717697143555,151.5399932861328,269.32147216796875,348.7353516
28/09/2022,64.64662170410156,154.69000244140625,274.6788024902344,355.5971984863281
29/09/2022,64.31378936767578,154.66000366210938,266.7604064941406,348.1691589355469
30/09/2022,64.16088867,154.6699981689453,262.2370605,342.78521728515625
03/10/2022,64.69815826416016,158.42999267578125,268.3892822265625,351.8351745605469
04/10/2022,64.86040496826172,160.6999969482422,276.8276062011719,362.7373962402344
05/10/2022,64.51786804199219,159.80999755859375,276.6804199,361.8928527832031
06/10/2022,64.27446746826172,159.6300048828125,274.5021667480469,358.159668
07/10/2022,63.94093704223633,157.8800048828125,264.0425109863281,348.1691589355469
10/10/2022,63.65243911743164,155.47999572753906,261.4030456542969,345.5107422
11/10/2022,63.67047882080078,155.16000366210938,257.8118591308594,343.3226013183594
12/10/2022,63.74260330200195,155.99000549316406,257.72357177734375,342.19024658203125
13/10/2022,63.51724624633789,154.91000366210938,263.7677307128906,351.2209473
14/10/2022,63.21073913574219,152.97999572753906,255.83963012695312,343.21710205078125
17/10/2022,63.34593963623047,153.4199981689453,264.28778076171875,352.0367736816406
18/10/2022,63.49020767211914,153.75,266.3777770996094,356.17303466796875
19/10/2022,62.96734619140625,151.69000244140625,265.4063415527344,353.6490173339844
20/10/2022,62.54365158081055,151.4499969482422,264.0523376464844,350.6835021972656
21/10/2022,62.65181350708008,154.14999389648438,270.24371337890625,359.2056579589844
24/10/2022,62.56168746948242,153.64999389648438,273.2167969,363.6011047363281
25/10/2022,63.156620025634766,154,278.8685302734375,369.40728759765625
26/10/2022,63.40904617,154.97999572753906,272.706543,366.6241455078125
27/10/2022,63.74260330200195,154.74000549316406,267.74163818359375,364.6663818359375
28/10/2022,63.61638641357422,153.16000366210938,275.9347229003906,373.34210205078125
31/10/2022,63.41805648803711,151.91000366210938,272.72613525390625,370.6452637
01/11/2022,63.48400879,153.4600067138672,269.93951416015625,369.02337646484375
02/11/2022,63.38463211,152.38999938964844,260.6867370605469,359.7623291015625
03/11/2022,63.14070129394531,151.80999755859375,255.5942840576172,356.0578918457031
04/11/2022,63.158748626708984,156.47000122070312,259.7055664,361.1827087402344
07/11/2022,62.91478348,155.85000610351562,262.56085205078125,364.6376037597656
08/11/2022,63.19490432739258,159.4499969482422,264.47418212890625,366.60491943359375
09/11/2022,63.285247802734375,158.64999389648438,258.3711853027344,359.0521545410156
10/11/2022,64.59541320800781,163.47999572753906,277.43597412109375,378.7835388183594
11/11/2022,64.59541320800781,164.55999755859375,282.5480957,382.4495849609375
14/11/2022,64.38761138916016,164.9199981689453,280.0754089355469,379.1961975097656
15/11/2022,64.83937836,165.5,283.9512023925781,382.43035888671875
16/11/2022,65.20981598,165.1199951171875,280.0754089355469,379.5129395
17/11/2022,64.93875885009766,163.9199981689453,279.4573059082031,378.3517150878906
18/11/2022,64.83032227,162.7899932861328,279.46710205078125,380.0695495605469
21/11/2022,64.83032227,161.8800048828125,276.5921325683594,378.68756103515625
22/11/2022,65.16464996,162.07000732421875,280.5758361816406,383.78350830078125
23/11/2022,65.56221771240234,163.0800018310547,283.39190673828125,386.2019958496094
25/11/2022,65.56221771240234,163.22000122070312,281.5276184082031,386.1156005859375
28/11/2022,65.48090362548828,161.92999267578125,277.3967285,379.9543762207031
29/11/2022,65.23694610595703,162.72999572753906,275.29693603515625,379.30181884765625
30/11/2022,65.74293518066406,164.80999755859375,287.84649658203125,391.2500915527344
01/12/2022,66.29082489013672,167.83999633789062,288.1998291015625,390.96209716796875
02/12/2022,66.56250762939453,167.25999450683594,287.0517272949219,390.51104736328125
05/12/2022,66.03723145,164.38999938964844,282.2340393066406,383.4861145019531
06/12/2022,66.25460052490234,164.83999633789062,276.3860778808594,377.95819091796875
07/12/2022,66.83419036865234,166.3300018310547,275.2576599121094,377.31524658203125
08/12/2022,66.64403533935547,166.47000122070312,278.5152893066406,380.2709961
09/12/2022,66.25460052490234,167.05999755859375,276.7392883300781,377.4303894042969
12/12/2022,66.25460052490234,165.67999267578125,280.21282958984375,382.87188720703125
13/12/2022,66.70740509033203,168.50999450683594,283.2250061035156,385.7701416015625
14/12/2022,66.87042999267578,168.10000610351562,281.1253356933594,383.3037109
15/12/2022,66.9066391,165.35000610351562,271.6861267089844,373.9274902
16/12/2022,66.73455810546875,166.7899932861328,269.0957336425781,369.5128479003906
19/12/2022,66.33609008789062,166.32000732421875,265.3139343261719,366.37945556640625
20/12/2022,65.90139008,169.0800018310547,265.10736083984375,366.8808288574219
21/12/2022,66.05540466308594,168.8000030517578,268.9530944824219,372.3666076660156
22/12/2022,66.04631805419922,166.75999450683594,262.3731384277344,367.0543518066406
23/12/2022,65.83934020996094,167.25999450683594,262.9632263183594,369.1657409667969
27/12/2022,65.33100128173828,168.6699981689453,259.2453613,367.7099304199219
28/12/2022,65.24024200439453,167.91000366210938,255.8226776123047,363.14007568359375
29/12/2022,65.48531341552734,168.85000610351562,262.0583801269531,369.6766662597656
30/12/2022,65.21299743652344,169.63999938964844,261.9009704589844,368.7029724121094
03/01/2023,65.55792236328125,171.05999755859375,260.1306152,367.1507873535156
04/01/2023,65.93009948730469,172.6699981689453,261.369873,369.98529052734375
05/01/2023,65.85751342773438,170.52000427246094,257.2783203,365.7624512
06/01/2023,66.58369445800781,173.7100067138672,264.3795471191406,374.1501465
09/01/2023,66.76524353027344,174.10000610351562,266.09100341796875,373.9380187988281
10/01/2023,66.50196838378906,174.74000549316406,268.3432922363281,376.5604553222656
11/01/2023,66.85601806640625,174.6199951171875,272.9856872558594,381.3231201171875
12/01/2023,67.37345123291016,176.63999938964844,274.4609680175781,382.7113952636719
13/01/2023,67.14652252197266,178.75999450683594,276.3494873046875,384.1961669921875
17/01/2023,67.05574798583984,177.58999633789062,276.9100646972656,383.4923400878906
18/01/2023,67.67299652,177.0800018310547,273.31024169921875,377.4377746582031
19/01/2023,67.53682708740234,179.88999938964844,270.6251220703125,374.69012451171875
20/01/2023,67.2372818,179.2899932861328,278.0312805175781,381.67022705078125
23/01/2023,67.07389831542969,179.6300048828125,284.20806884765625,386.2497253417969
24/01/2023,67.37345123291016,180.27999877929688,283.6277770996094,385.8351135253906
25/01/2023,67.45515441894531,181.11000061035156,282.998291,385.9797668457031
26/01/2023,67.32802582,179.47000122070312,288.5160217285156,390.2217712402344
27/01/2023,67.25543975830078,179.22000122070312,291.3880310058594,391.1184082
30/01/2023,67.06481934,178.75999450683594,285.4964599609375,386.2110900878906
31/01/2023,67.37345123291016,179.41000366210938,289.7749328613281,391.8896789550781
01/02/2023,67.80655670166016,181.6699981689453,295.97137451171875,396.0546569824219
02/02/2023,67.85205078,177.89999389648438,306.5937805175781,401.8199462890625
03/02/2023,67.25153350830078,173.4600067138672,301.1448669433594,397.5489807128906
06/02/2023,66.83297729492188,173.82000732421875,298.5974121,395.1195068359375
07/02/2023,66.74196625,173.97999572753906,304.78399658203125,400.2870788574219
08/02/2023,66.86025238,174.41000366210938,299.3646240234375,395.9100646972656
09/02/2023,66.58730316,173.02999877929688,296.7188415527344,392.4778137207031
10/02/2023,66.30522155761719,173.36000061035156,294.77142333984375,393.39373779296875
13/02/2023,66.48718262,172.47999572753906,299.4925231933594,398.0117492675781
14/02/2023,66.25969696044922,172.61000061035156,301.7054748535156,397.8286133
15/02/2023,66.11412811279297,170.88999938964844,304.0168762207031,399.1205749511719
16/02/2023,65.85934448242188,170.75,298.3122559,393.6250915527344
17/02/2023,66.00494384765625,171.25999450683594,296.20745849609375,392.6417541503906
21/02/2023,65.43170928955078,170.6199951171875,289.1946716308594,384.7649841308594
22/02/2023,65.57728576660156,169.66000366210938,289.41107177734375,384.2347106933594
23/02/2023,65.81386566,169.57000732421875,291.9387512207031,386.27862548828125
24/02/2023,65.44989776611328,168.35000610351562,287.0505065917969,382.15228271484375
27/02/2023,65.55908966064453,169.00999450683594,289.1061096191406,383.4537658691406
28/02/2023,65.57728576660156,169.77999877929688,288.7323303222656,382.0365905761719
01/03/2023,65.18876647949219,170.75999450683594,286.4112243652344,380.5711669921875
02/03/2023,65.05196380615234,170.66000366210938,288.7816162109375,383.53094482421875
03/03/2023,65.55357360839844,172.49000549316406,294.75177001953125,389.6819152832031
06/03/2023,65.39851379394531,171.6199951171875,295.0861511230469,389.95184326171875
07/03/2023,65.32555389404297,168.6199951171875,291.4666748046875,383.97442626953125
08/03/2023,65.27084350585938,168.5399932861328,292.9223327636719,384.60113525390625
09/03/2023,65.48973083496094,170.1999969482422,287.8471374511719,377.5052795410156
10/03/2023,66.27402496,173.8699951171875,283.8047790527344,372.0580749511719
13/03/2023,66.80298614501953,177.86000061035156,285.9095764160156,371.527832
14/03/2023,66.38348388671875,176.8300018310547,292.4797668457031,377.6691589355469
15/03/2023,67.06746673583984,178.2100067138672,294.0140380859375,375.3070983886719
16/03/2023,66.74828338623047,178.57000732421875,301.7644958496094,381.89190673828125
17/03/2023,67.23159027,183.77000427246094,300.3382873535156,377.42657470703125
20/03/2023,66.93978118896484,183.83999633789062,301.4041748046875,381.05572509765625
21/03/2023,66.75740051269531,180.3699951171875,305.70904541015625,386.0592041015625
22/03/2023,67.35018157958984,183.44000244140625,301.5519714355469,379.47833251953125
23/03/2023,67.50524139404297,185.74000549316406,305.12774658203125,380.50408935546875
24/03/2023,67.64202117919922,183.64999389648438,306.2507629394531,383.0010681152344
27/03/2023,66.93978118896484,181.9499969482422,304.1525879,383.7171630859375
28/03/2023,66.82122802734375,183.44000244140625,302.53704833984375,382.8558654785156
29/03/2023,66.89419555664062,182.52999877929688,308.0534668,388.4206237792969
30/03/2023,66.98538970947266,184.17999267578125,310.96929931640625,390.69488525390625
31/03/2023,67.33193969726562,183.22000122070312,316.1409606933594,396.2016296386719
03/04/2023,67.61808776855469,184.5399932861328,315.3726501464844,397.7113342285156
04/04/2023,67.89237976074219,187.97999572753906,314.3087158203125,395.5048522949219
05/04/2023,68.07523345947266,187.8300018310547,311.20574951171875,394.4692687988281
06/04/2023,68.05692291259766,186.49000549316406,313.3039551,396.0080871582031
10/04/2023,67.59981536865234,185.11000061035156,313.1266174316406,396.41461181640625
11/04/2023,67.62723541259766,186.27999877929688,311.1170959472656,396.5209961
12/04/2023,67.70039367675781,187.19000244140625,308.3687438964844,394.9047852
13/04/2023,67.66381836,189.72000122070312,314.4072266,400.15020751953125
14/04/2023,67.36212158203125,186.36000061035156,313.8161926269531,399.1727294921875
17/04/2023,66.99642181396484,185.52999877929688,314.0821838378906,400.6051025390625
18/04/2023,67.09699249267578,186.25,314.10186767578125,400.8663635253906
19/04/2023,67.00555419921875,185.36000061035156,313.95404052734375,400.7986145019531
20/04/2023,67.29812622070312,186.08999633789062,311.56036376953125,398.6114501953125
21/04/2023,67.17925262451172,184.25,311.88543701171875,398.9211120605469
24/04/2023,67.44438171386719,184.80999755859375,311.2352600097656,399.3372802734375
25/04/2023,67.88324737548828,185.75,305.3642272949219,392.998291
26/04/2023,67.6455307,184.74000549316406,307.2161560058594,391.3336486816406
27/04/2023,67.35297393798828,184.75,315.5696105957031,399.12432861328125
28/04/2023,67.72782897949219,184.8000030517578,317.7466735839844,402.53094482421875
01/05/2023,67.03126525878906,183.97000122070312,317.38214111328125,402.1244812011719
02/05/2023,67.69116211,187.52000427246094,314.6141662597656,397.6049499511719
03/05/2023,67.97525787353516,189.11000061035156,312.5552978515625,394.8757629394531
04/05/2023,67.88358306884766,190.44000244140625,311.4520263671875,392.0788269042969
05/05/2023,67.63616180419922,187.4600067138672,318.0717468261719,399.3372802734375
08/05/2023,67.31538391113281,187.69000244140625,318.8597717285156,399.4436950683594
09/05/2023,67.24207305908203,189.02000427246094,316.84039306640625,397.6920471191406
10/05/2023,67.65450286865234,188.75,320.28814697265625,399.5502014160156
11/05/2023,67.87445068359375,187.1300048828125,321.33233642578125,398.85333251953125
12/05/2023,67.51703643798828,186.80999755859375,320.1798095703125,398.33074951171875
15/05/2023,67.34288024902344,187.2100067138672,321.9135437011719,399.7050476074219
16/05/2023,67.17792510986328,184.8699951171875,322.2780456542969,397.0339050292969
17/05/2023,67.05876922607422,184.22999572753906,326.1788635253906,401.8534851074219
18/05/2023,66.78384399414062,181.83999633789062,332.2371826171875,405.7246398925781
19/05/2023,66.60054779052734,183.63999938964844,331.4884948730469,405.1342468261719
22/05/2023,66.58221435546875,183.2100067138672,332.60162353515625,405.2988586425781
23/05/2023,66.62803649902344,183.42999267578125,328.38543701171875,400.7502136230469
24/05/2023,66.44472504,181.9499969482422,326.70098876953125,397.8468322753906
25/05/2023,66.19729614257812,180.1999969482422,334.6506348,401.29217529296875
26/05/2023,66.27976989746094,180.9199981689453,343.2010498046875,406.4891357421875
30/05/2023,66.71968841552734,182.0399932861328,344.7574768066406,406.64398193359375
31/05/2023,66.93964385986328,182.32000732421875,342.7972106933594,404.3891296386719
01/06/2023,67.12065124511719,183.75999450683594,346.7571716308594,408.2312316894531
02/06/2023,66.74392700195312,181.0500030517578,349.3577880859375,414.1347656
05/06/2023,66.75312042236328,182.13999938964844,349.6040344238281,413.3410949707031
06/06/2023,66.84500122070312,182.33999633789062,349.54498291015625,414.24114990234375
07/06/2023,66.46827697753906,180.14999389648438,343.61480712890625,412.8088379
08/06/2023,66.79907227,182.52999877929688,347.8802185058594,415.30572509765625
09/06/2023,66.66124725341797,182.0399932861328,349.2100524902344,416.0509033203125
12/06/2023,66.79907227,181.8800048828125,355.1106872558594,419.8252258300781
13/06/2023,66.50504302978516,180.5399932861328,357.8393249511719,422.59307861328125
14/06/2023,66.56016540527344,180.63999938964844,360.4399108886719,423.0963439941406
15/06/2023,66.97362518310547,181.91000366210938,364.7348633,428.3417663574219
16/06/2023,66.82663727,181.6300048828125,362.43963623046875,426.88275146484375
20/06/2023,66.91851806640625,179.75,361.9207763671875,424.6679992675781
21/06/2023,67.02875518798828,179.49000549316406,356.9886169433594,422.49212646484375
22/06/2023,66.70717621,177.7100067138672,361.2006836,424.0172119140625
23/06/2023,66.90013122558594,178.1999969482422,357.6199645996094,420.8116455078125
26/06/2023,66.98282623291016,178.50999450683594,352.82586669921875,419.0922852
27/06/2023,66.85418701171875,177.69000244140625,358.89239501953125,423.68695068359375
28/06/2023,67.06552124023438,177.27999877929688,359.5928039550781,423.9006652832031
29/06/2023,66.56016540527344,177.08999633789062,358.8727111816406,425.5714111328125
30/06/2023,66.78988647460938,178.27000427246094,364.40655517578125,430.5934753417969
03/07/2023,66.60011291503906,178.47000122070312,365.26470947265625,431.0888977050781
05/07/2023,66.32376861572266,177.83999633789062,365.2549133300781,430.4477233886719
06/07/2023,65.90003204345703,177.30999755859375,362.47320556640625,427.07696533203125
07/07/2023,65.86319732666016,178.63999938964844,361.2697448730469,425.9987793
10/07/2023,66.09346771240234,178.77999877929688,361.3880615234375,427.07696533203125
11/07/2023,66.23163604736328,179.4499969482422,363.173584,429.7969055175781
12/07/2023,66.75670623779297,181.8800048828125,367.76043701171875,433.25494384765625
13/07/2023,67.16202545166016,182.00999450683594,374.0045166015625,436.6936950683594
14/07/2023,66.84882354736328,181.42999267578125,373.92559814453125,436.4217224121094
17/07/2023,66.92251586914062,181.55999755859375,377.4175720214844,437.9371032714844
18/07/2023,67.00541687011719,183.63999938964844,380.5050964355469,441.1911926269531
19/07/2023,67.16202545166016,183.6699981689453,380.4162598,442.17230224609375
20/07/2023,66.84882354736328,182.74000549316406,371.6469421386719,439.23870849609375
21/07/2023,66.89485931396484,182.17999267578125,370.5323181152344,439.23870849609375
24/07/2023,66.78433227539062,181.39999389648438,371.1241455078125,441.2008972167969
25/07/2023,66.71064758300781,182.41000366210938,373.6395263671875,442.40545654296875
26/07/2023,66.93173217773438,183.3000030517578,372.3966064453125,442.47344970703125
27/07/2023,66.36061096191406,180.4199981689453,371.5088806152344,439.5398254394531
28/07/2023,66.59091186523438,181.86000061035156,378.2757263183594,443.8430480957031
31/07/2023,66.71064758300781,182.35000610351562,378.4730529785156,444.6882019042969
01/08/2023,66.29779052734375,180.4600067138672,377.5951232910156,443.4156494140625
02/08/2023,66.08535766601562,179.60000610351562,369.309082,437.2473449707031
03/08/2023,65.67895508,179.5399932861328,368.7172852,435.99432373046875
04/08/2023,66.22389221191406,180.19000244140625,366.9909973144531,434.02239990234375
07/08/2023,66.12230682373047,179.77999877929688,370.09820556640625,437.8108215332031
08/08/2023,66.36244201660156,178.63999938964844,366.9515380859375,435.90692138671875
09/08/2023,66.38092803955078,177.7899932861328,362.91705322265625,432.99273681640625
10/08/2023,66.01146697998047,177.60000610351562,363.5877990722656,433.1481934
11/08/2023,65.79902648925781,177.60000610351562,361.2697448730469,432.89556884765625
14/08/2023,65.71590423583984,177.05999755859375,365.3239440917969,435.28521728515625
15/08/2023,65.56812286376953,176.58999633789062,361.4472351074219,430.2145996
16/08/2023,65.38339233398438,175.57000732421875,357.6199645996094,427.0575866699219
17/08/2023,65.31876373291016,175.3000030517578,353.713623,423.80352783203125
18/08/2023,65.45730590820312,175.3300018310547,353.2697754,424.0074768066406
21/08/2023,65.14326477050781,175.80999755859375,358.9614562988281,426.7662353515625
22/08/2023,65.22639465332031,176.10000610351562,358.4485778808594,425.6102294921875
23/08/2023,65.81751251220703,177.88999938964844,364.1007385253906,430.3505859
24/08/2023,65.66048431396484,177.85000610351562,356.31781005859375,424.3863525390625
25/08/2023,65.66048431396484,177.6199951171875,359.079834,427.3782043457031
28/08/2023,65.78054809570312,178.1300048828125,361.7826843261719,430.0883483886719
29/08/2023,66.18698883,179.8699951171875,369.6838684082031,436.3051758
30/08/2023,66.15923309326172,180.32000732421875,371.7455749511719,438.1022033691406
31/08/2023,66.27009582519531,180.02000427246094,372.8602600097656,437.4611511230469
01/09/2023,65.95146942138672,180.11000061035156,372.46563720703125,438.2770080566406
05/09/2023,65.59027099609375,178.63999938964844,372.93914794921875,436.3829040527344
06/09/2023,65.51621246,177.8300018310547,369.6543273925781,433.4493103027344
07/09/2023,65.73849487304688,178.02000427246094,367.0107727050781,432.1184997558594
08/09/2023,65.75700378417969,178.0800018310547,367.5237121582031,432.7693176269531
11/09/2023,65.65509796142578,178.41000366210938,371.8541259765625,435.6155090332031
12/09/2023,65.70141602,177.49000549316406,367.7308044433594,433.2258301
13/09/2023,65.80329895019531,177.0800018310547,369.1315612792969,433.7309875488281
14/09/2023,65.69214630126953,177.1699981689453,372.1499938964844,437.4707946777344
15/09/2023,65.56249237060547,178.33999633789062,365.7776794433594,432.2000427246094
18/09/2023,65.62732696533203,179.38999938964844,366.1589660644531,432.4534912109375
19/09/2023,65.48839569091797,179.22000122070312,365.37860107421875,431.55670166015625
20/09/2023,65.40505219,179.35000610351562,360.11334228515625,427.5892028808594
21/09/2023,64.99754333496094,178.0500030517578,353.5144348144531,420.5218505859375
22/09/2023,65.26612854003906,178.6199951171875,353.5638122558594,419.5762634277344
25/09/2023,64.78451538085938,177.6999969482422,355.2431641,421.3407287597656
26/09/2023,64.71968841552734,176.27999877929688,349.90875244140625,415.15069580078125
27/09/2023,64.48815918,174.10000610351562,350.7286682128906,415.3163757324219
28/09/2023,64.65486145019531,173.22999572753906,353.66265869140625,417.7240905761719
29/09/2023,64.62706756591797,171.4499969482422,353.9194336,416.7103271484375
02/10/2023,64.18315124511719,169.64999389648438,356.8731994628906,416.54461669921875
03/10/2023,63.66307067871094,169.16000366210938,350.6101074,410.9687194824219
04/10/2023,64.08099365234375,169.13999938964844,355.3815002441406,413.9613952636719
05/10/2023,64.12744141,168.8300018310547,354.3343505859375,413.8053894042969
06/10/2023,63.876678466796875,169.6999969482422,360.2713928222656,418.7184143066406
09/10/2023,64.52677917480469,172.82000732421875,362.1087646484375,421.3991699
10/10/2023,64.4617691,172.52999877929688,364.1141052246094,423.5924987792969
11/10/2023,64.75895690917969,173.7899932861328,366.7121887207031,425.3276367
12/10/2023,64.20171356201172,173.25999450683594,365.4378662109375,422.7346496582031
13/10/2023,64.49890137,178.8300018310547,360.8443298339844,420.62908935546875
16/10/2023,64.16456604003906,177.9600067138672,364.9241638183594,425.0546569824219
17/10/2023,63.74666976928711,178.2899932861328,363.7288513183594,425.0351563
18/10/2023,63.46802902,180.8699951171875,358.9574890136719,419.3715515136719
19/10/2023,63.18943786621094,183.08999633789062,355.59881591796875,415.68682861328125
20/10/2023,63.421607971191406,183.58999633789062,350.29400634765625,410.5788269042969
23/10/2023,63.66307067871094,182.97000122070312,351.35101318359375,409.8671875
24/10/2023,63.876678466796875,182.9499969482422,354.769043,412.9573669433594
25/10/2023,63.39376449584961,183.72000122070312,346.08575439453125,407.0304870605469
26/10/2023,63.82095718383789,184.00999450683594,339.4869079589844,402.1564941
27/10/2023,63.82095718383789,186.14999389648438,341.1168212890625,400.33355712890625
30/10/2023,63.66307067871094,185.10000610351562,344.9595947265625,405.11993408203125
31/10/2023,63.644508361816406,184.08999633789062,346.6092529296875,407.66412353515625
01/11/2023,64.26206207,183.50999450683594,352.62542724609375,412.01177978515625
02/11/2023,64.63465118408203,184.1199951171875,359.0266418457031,419.9077148
03/11/2023,65.01657867,184.7899932861328,363.2447814941406,423.7386779785156
06/11/2023,64.73712158203125,183.35000610351562,364.7266540527344,424.7135009765625
07/11/2023,65.06313324,182.58999633789062,368.1742858886719,425.9222717285156
08/11/2023,65.26805877685547,180.77000427246094,368.4112854003906,426.23419189453125
09/11/2023,64.78369141,181.49000549316406,365.5761719,422.91009521484375
10/11/2023,64.90477752685547,179.50999450683594,373.795166,429.5095520019531
13/11/2023,64.88615417480469,180.50999450683594,372.62945556640625,429.1001281738281
14/11/2023,65.67789459228516,182.1199951171875,380.6508789,437.42498779296875
15/11/2023,65.31463623046875,181.63999938964844,380.93731689453125,438.3511047363281
16/11/2023,65.70584869384766,183.69000244140625,381.26336669921875,438.8872375488281
17/11/2023,65.79899597167969,183.6699981689453,381.35223388671875,439.4331055
20/11/2023,65.89215850830078,183.3699951171875,385.99517822265625,442.8156738
21/11/2023,65.98529815673828,185.35000610351562,383.7526855,441.8506164550781
22/11/2023,66.04117584228516,184.55999755859375,385.32342529296875,443.5565185546875
24/11/2023,65.72446442,185.52000427246094,384.78009033203125,443.8294372558594
27/11/2023,66.12502289,186.77000427246094,384.4442443847656,443.0301208496094
28/11/2023,66.40446472167969,189.25999450683594,385.45184326171875,443.46881103515625
29/11/2023,66.74911499023438,189.5399932861328,385.0765075683594,443.1568603515625
30/11/2023,66.53484344482422,188.75,384.10833740234375,444.9017333984375
01/12/2023,67.07755279541016,192.00999450683594,385.20489501953125,447.5337829589844
04/12/2023,66.80667877197266,187.86000061035156,381.62884521484375,445.1844787597656
05/12/2023,67.23635864257812,187.14999389648438,382.5870666503906,445.0967712402344
06/12/2023,67.43254089355469,187.83999633789062,380.37420654296875,443.3030700683594
07/12/2023,67.41383361816406,188.14999389648438,385.6889648,446.6856994628906
08/12/2023,67.08689880371094,185.63999938964844,387.4078063964844,448.60601806640625
11/12/2023,67.09623718261719,183.58999633789062,390.71710205078125,450.3509216308594
12/12/2023,67.29239654541016,183.49000549316406,393.8288879394531,452.4077148
13/12/2023,68.15176391601562,187.6300048828125,398.8372802734375,458.6465759277344
14/12/2023,68.66554260253906,188.72999572753906,398.4915466308594,460.1184997558594
15/12/2023,68.56276703,187,400.4178771972656,459.36090087890625
18/12/2023,68.42266082763672,187.85000610351562,402.9399108886719,461.9448547363281
19/12/2023,68.55343627929688,189.1300048828125,404.99884033203125,464.7538757324219
20/12/2023,68.77761840820312,188.10000610351562,398.9806823730469,458.3136901855469
21/12/2023,68.76829528808594,189.42999267578125,403.6229553222656,462.6593322753906
22/12/2023,68.72238922,190.27000427246094,404.22674560546875,463.58917236328125
26/12/2023,68.78795623779297,191.72000122070312,406.7013244628906,465.5466613769531
27/12/2023,69.22824096679688,192.58999633789062,407.5292663574219,466.3883972167969
28/12/2023,69.05962371826172,191.47000122070312,407.3312072753906,466.5645751953125
29/12/2023,68.90036010742188,191.1699981689453,405.5683288574219,465.2138977050781
02/01/2024,68.60997009277344,190.72000122070312,398.7052001953125,462.61041259765625
03/01/2024,68.66618347167969,189.1300048828125,394.4863281,458.8323974609375
04/01/2024,68.35704040527344,189.32000732421875,392.45611572265625,457.3544616699219
05/01/2024,68.15093994140625,189.35000610351562,392.92156982421875,457.9808654785156
08/01/2024,68.45070648,187.8699951171875,401.0424499511719,464.51898193359375
09/01/2024,68.44135284423828,187.92999267578125,401.8347168,463.8143005371094
10/01/2024,68.31956481933594,187.5,404.5582275390625,466.4373474121094
11/01/2024,68.67555236816406,187.8699951171875,405.4000549316406,466.2318420410156
12/01/2024,68.81607055664062,189.7100067138672,405.60797119140625,466.5547790527344
16/01/2024,68.32894134521484,187.91000366210938,405.5683288574219,464.8419494628906
17/01/2024,68.16967010498047,185.83999633789062,403.2806701660156,462.2580566
18/01/2024,68.07600402832031,187.3699951171875,409.0049133300781,466.3688049316406
19/01/2024,68.07600402832031,187.92999267578125,417.1158142089844,472.1826477050781
22/01/2024,68.18841552734375,187.22000122070312,417.6605529785156,473.1809997558594
23/01/2024,68.02913665771484,187.9499969482422,419.3936462402344,474.5610352
24/01/2024,67.88864135742188,186.39999389648438,421.7209473,475.0798034667969
25/01/2024,68.20713806152344,187.13999938964844,422.2359619140625,477.6636657714844
26/01/2024,68.10410309,187.00999450683594,419.7204895019531,477.0568848
29/01/2024,68.37577056884766,188.3300018310547,424.01861572265625,480.83489990234375
30/01/2024,68.49754333496094,188.58999633789062,421.19610595703125,480.4630432128906
31/01/2024,68.78795623779297,188.4499969482422,412.9465332,472.62310791015625
01/02/2024,69.20320892333984,190.41000366210938,417.809082,478.8089294433594
02/02/2024,68.58313751220703,188.61000061035156,424.87030029296875,483.8495178222656
05/02/2024,68.03822326660156,187.57000732421875,424.31573486328125,482.0876770019531
06/02/2024,68.35768127441406,188.5500030517578,423.4640197753906,483.4873352050781
07/02/2024,68.22615051269531,188.5,427.8215637207031,487.5198059082031
08/02/2024,68.04762268066406,188.3300018310547,428.6138916015625,487.7351379394531
09/02/2024,67.99127960205078,187.60000610351562,432.83270263671875,490.5539855957031
12/02/2024,68.01006317138672,187.11000061035156,431.1391906738281,490.33868408203125
13/02/2024,67.41818237304688,184.52999877929688,424.41473388671875,483.5851745605469
14/02/2024,67.67182922363281,184.4199981689453,429.0397033691406,487.9798278808594
15/02/2024,67.85972595214844,185.66000366210938,430.3172302246094,491.3467712402344
16/02/2024,67.64366149902344,186.33999633789062,426.4152526855469,488.8998718261719
20/02/2024,67.72822570800781,187.47000122070312,423.1966552734375,486.208252
21/02/2024,67.54031372070312,187.47999572753906,421.5030822753906,486.6487121582031
22/02/2024,67.56849670410156,187.55999755859375,433.8428955078125,496.7200927734375
23/02/2024,67.81276703,188.6199951171875,432.5653076171875,497.06268310546875
26/02/2024,67.69063568115234,188.1999969482422,432.3375549316406,495.2421875
27/02/2024,67.58726501464844,188,433.3774108886719,496.1622314453125
28/02/2024,67.73762512207031,188.33999633789062,431.0698547363281,495.5064697265625
29/02/2024,67.85034942626953,189.30999755859375,434.7639465332031,497.2877502441406
01/03/2024,68.13484954833984,192.88999938964844,441.3100891113281,501.95648193359375
04/03/2024,67.97470856,196.00999450683594,439.73541259765625,501.4182129
05/03/2024,68.34215545654297,197.19000244140625,431.8424072265625,496.40692138671875
06/03/2024,68.46460723876953,198.80999755859375,434.55596923828125,498.9223327636719
07/03/2024,68.57765197753906,199.94000244140625,441.15167236328125,503.8748474121094
08/03/2024,68.64361572265625,201.6300048828125,434.7837219238281,500.8505554199219
11/03/2024,68.61537170410156,202,433.1694336,500.41986083984375
12/03/2024,68.40806579589844,199.7899932861328,439.3789367675781,505.8030700683594
13/03/2024,68.29502106,201.19000244140625,436.00189208984375,505.01019287109375
14/03/2024,67.88989258,200.35000610351562,434.9025573730469,504.01190185546875
15/03/2024,67.85222625732422,199.7100067138672,429.7329102,500.5510559082031
18/03/2024,67.76744079589844,200.02999877929688,433.83148193359375,503.52593994140625
19/03/2024,67.94644165039062,199.8000030517578,434.9123840332031,506.3240966796875
20/03/2024,68.06890869140625,202.17999267578125,440.0689697265625,511.00714111328125
21/03/2024,68.12544250488281,201.97000122070312,442.1515197753906,512.6959838867188
22/03/2024,68.3515625,200.35000610351562,442.6572570800781,511.72393798828125
25/03/2024,68.21965026855469,200.99000549316406,441.0507813,510.3101806640625
26/03/2024,68.27619934082031,201.63999938964844,439.62274169921875,509.3675842285156
27/03/2024,68.51172637939453,203.10000610351562,441.1200866699219,513.6481934
28/03/2024,68.42691802978516,205.72000122070312,440.3070068359375,513.5501098632812
01/04/2024,67.96012115478516,207.82000732421875,441.23919677734375,512.6566772460938
02/04/2024,67.88452911376953,210.88999938964844,437.4311523,509.39715576171875
03/04/2024,67.93177795410156,212.74000549316406,438.4129333496094,509.95672607421875
04/04/2024,68.07350922,211.52000427246094,431.70928955078125,503.73211669921875
05/04/2024,67.73333740234375,215.13999938964844,436.7965087890625,508.9945373535156
08/04/2024,67.67665100097656,216.47999572753906,436.92547607421875,509.2792663574219
09/04/2024,67.92231750488281,217.6699981689453,438.54180908203125,509.8683166503906
10/04/2024,67.12857818603516,215.61000061035156,434.71405029296875,504.76300048828125
11/04/2024,67.12857818603516,219.8000030517578,441.6556701660156,508.5724182128906
12/04/2024,67.27976227,216.88999938964844,434.61492919921875,501.5525207519531
15/04/2024,66.83563995361328,220.9499969482422,427.46502685546875,495.2690124511719
16/04/2024,66.66556549072266,221.22000122070312,427.5046691894531,494.3657227
17/04/2024,66.98683929,219.58999633789062,422.28851318359375,491.4399108886719
18/04/2024,66.80729675292969,220.33999633789062,419.87884521484375,490.4287109
19/04/2024,66.89233398,221.02999877929688,411.1918640136719,486.1480712890625
22/04/2024,66.92066955566406,215.57000732421875,415.3271484,490.6250915527344
23/04/2024,67.04353332519531,215.0399932861328,421.52496337890625,496.4471435546875
24/04/2024,66.87344360351562,214.63999938964844,422.95294189453125,496.2115173339844
25/04/2024,66.68444824,215.9199981689453,420.9101563,494.326416
26/04/2024,66.83563995361328,216.6199951171875,427.4054870605469,499.0096435546875
29/04/2024,67.03409576416016,216.17999267578125,429.14093017578125,500.7768859863281
30/04/2024,66.77893066,211.8699951171875,421.04901123046875,492.8439636230469
01/05/2024,67.01969909667969,213.7899932861328,418.0045471191406,491.2436218261719
02/05/2024,67.28505707,213.1300048828125,423.3396911621094,495.8383789
03/05/2024,67.62630462646484,212.9600067138672,431.8481750488281,501.9845275878906
06/05/2024,67.69263458251953,215.1999969482422,436.5783691,507.1683654785156
07/05/2024,67.82533264160156,214.2100067138672,436.64776611328125,507.7280578613281
08/05/2024,67.66421508789062,213.5800018310547,436.38995361328125,507.7770690917969
09/05/2024,67.84429931640625,216.9499969482422,437.3419189453125,510.70281982421875
10/05/2024,67.65473937988281,218.7100067138672,438.3732604980469,511.3607482910156
13/05/2024,67.71160125732422,216.25999450683594,439.3847351074219,511.4293518066406
14/05/2024,67.91064453,218.08999633789062,442.2109680175781,513.7759399414062
15/05/2024,68.34663391113281,220.88999938964844,449.12286376953125,520.1379395
16/05/2024,68.23291016,220.02999877929688,448.2105712890625,519.0678100585938
17/05/2024,68.06227875,223.66000366210938,447.9923400878906,519.8140258789062
20/05/2024,67.99592590332031,224.55999755859375,451.1160888671875,520.4129028320312
21/05/2024,68.13811492919922,224.22999572753906,451.9986572265625,521.689209
22/05/2024,68.05281829833984,220.11000061035156,451.9093933105469,520.1871337890625
23/05/2024,67.85376739501953,215.72000122070312,449.87652587890625,516.3875122070312
24/05/2024,67.92959594726562,215.9199981689453,454.1307373046875,519.8041381835938
28/05/2024,67.60733032226562,218.19000244140625,455.8463134765625,520.1674805
29/05/2024,67.36090087890625,216.16000366210938,452.63336181640625,516.5249023
30/05/2024,67.65473937988281,216.57000732421875,447.78411865234375,513.0983887
31/05/2024,67.90116882324219,215.3000030517578,446.9511413574219,517.7718505859375
03/06/2024,68.28047943115234,217.22000122070312,449.35089111328125,518.1940307617188
04/06/2024,68.53718566894531,215.27000427246094,450.5805969238281,518.7733154296875
05/06/2024,68.72733306884766,217.82000732421875,459.6641845703125,524.9389648
06/06/2024,68.73684692382812,219.42999267578125,459.50555419921875,524.9291992
07/06/2024,68.1854248,211.60000610351562,459.0989685058594,524.2909545898438
10/06/2024,68.08084106445312,213.5399932861328,460.9533691,525.9108887
11/06/2024,68.35656738,214.14999389648438,464.11676025390625,527.1774902
12/06/2024,68.67028045654297,214.72000122070312,470.19561767578125,531.5071411132812
13/06/2024,68.97451782226562,212.97000122070312,472.7442321777344,532.5773926
14/06/2024,69.07909393310547,215.72999572753906,475.1935729980469,532.9014892578125
17/06/2024,68.82240295410156,214.61000061035156,481.0146179199219,537.1427001953125
18/06/2024,69.06009674072266,215.47000122070312,481.1633605957031,538.5074462890625
20/06/2024,68.92697906,218.16000366210938,477.4545593261719,537.0446166992188
21/06/2024,68.94598388671875,214.77999877929688,476.1753234863281,536.3245849609375
24/06/2024,68.98403168,215.6300048828125,470.7542724609375,534.5811157226562
25/06/2024,69.02204132080078,214.55999755859375,476.1376037597656,536.6398315429688
26/06/2024,68.69882202148438,212.5800018310547,477.1208801269531,537.3095703
27/06/2024,68.82240295410156,214.99000549316406,478.3525085449219,538.1566162109375
28/06/2024,68.49916076660156,215.00999450683594,475.8694763183594,536.0388793945312
01/07/2024,68.13772583007812,215.57000732421875,478.6604919433594,537.1420898
02/07/2024,68.33798981,215.55999755859375,483.68621826171875,540.7568969726562
03/07/2024,68.72899627685547,217.99000549316406,487.71875,543.1700439453125
05/07/2024,69.04369354248047,220.92999267578125,492.80413818359375,546.3023681640625
08/07/2024,69.04369354248047,218.19000244140625,493.9761047363281,546.9326782226562
09/07/2024,69.01508331298828,218.55999755859375,494.4031982421875,547.4645385742188
10/07/2024,69.07228088378906,219.36000061035156,499.5581055,552.8818359
11/07/2024,69.41561889648438,223.25,488.6026916503906,548.1146240234375
12/07/2024,69.59680176,223.11000061035156,491.4731445,551.5718383789062
15/07/2024,69.37746429,223.8300018310547,492.7941589355469,553.0886840820312
16/07/2024,69.64448547363281,228.2899932861328,492.9829102,556.3686523
17/07/2024,69.71122741699219,227.22999572753906,478.5114440917969,548.5676879882812
18/07/2024,69.53004455566406,225.77999877929688,476.2468566894531,544.3520508
19/07/2024,69.34883880615234,221.72999572753906,472.0256348,540.7371826171875
22/07/2024,69.32025146484375,221.8000030517578,479.0577087402344,546.3121337890625
23/07/2024,69.32978057861328,222.5800018310547,477.36920166015625,545.4553223
24/07/2024,69.1295166,221.8000030517578,460.2458190917969,533.0938110351562
25/07/2024,69.28211212158203,218.3300018310547,455.1703796386719,530.3162231445312
26/07/2024,69.55864715576172,220.6300048828125,459.83856201171875,536.2555541992188
29/07/2024,69.64448547363281,220.32000732421875,460.7622985839844,536.5708008
30/07/2024,69.73032379,222.52000427246094,454.4353942871094,533.8523559570312
31/07/2024,70.11177062988281,226.5500030517578,467.8837891,542.5298461914062
01/08/2024,70.37386322021484,225.77000427246094,456.55096435546875,534.8470458984375
02/08/2024,71.17737579345703,225.33999633789062,445.7147521972656,524.8890991210938
05/08/2024,71.11040496826172,222.47999572753906,432.425293,509.6024169921875
06/08/2024,70.67037963867188,220.6999969482422,436.5571594238281,514.3006591796875
07/08/2024,70.49821472167969,220.5500030517578,431.8293151855469,510.8631591796875
08/08/2024,70.39298248291016,224.00999450683594,445.03936767578125,522.6729125976562
09/08/2024,70.64169311523438,224.55999755859375,447.3635559082031,524.9777832
12/08/2024,70.76605224609375,228.41000366210938,448.3269958496094,525.2536010742188
13/08/2024,71.03389739990234,228.05999755859375,459.4512023925781,533.8917236328125
14/08/2024,71.16780853271484,226.1999969482422,459.6002197265625,535.5760498046875
15/08/2024,70.87126922607422,226.91000366210938,471.2112121582031,544.7558594
16/08/2024,71.02431488,231.99000549316406,471.81707763671875,545.9772949
19/08/2024,71.11040496826172,231.61000061035156,478.01483154296875,551.1975708007812
20/08/2024,71.32085418701172,232.4600067138672,477.01165771484375,550.3012695
21/08/2024,71.47389984,232.14999389648438,479.23651123046875,552.1924438476562
22/08/2024,71.18693542480469,229.3699951171875,471.6382751464844,547.8585205078125
23/08/2024,71.50260162353516,232.02000427246094,476.753418,553.6796875
26/08/2024,71.42607879638672,232.75999450683594,472.1249084472656,552.3598633
27/08/2024,71.42607879638672,233.38999938964844,473.5352783203125,553.1182861328125
28/08/2024,71.37825012207031,231.75,468.1618957519531,549.9072266
29/08/2024,71.27303314208984,232.9499969482422,467.4765930175781,549.9564819335938
30/08/2024,71.12953949,231.2899932861328,473.0486145019531,555.2064208984375
03/09/2024,71.43273162841797,230.2899932861328,458.68646240234375,543.7808227539062
04/09/2024,71.74937438964844,230.42999267578125,457.4945373535156,542.6677856445312
05/09/2024,71.92205810546875,232.35000610351562,457.9216613769531,541.3479004
06/09/2024,72.00840759277344,230.6300048828125,445.6551818847656,532.2369384765625
09/09/2024,72.10437012,231.60000610351562,451.3861999511719,538.1959838867188
10/09/2024,72.34423828,232.6199951171875,455.5577697753906,540.5402221679688
11/09/2024,72.30585479736328,232.25,465.45037841796875,546.0856323242188
12/09/2024,72.22909545898438,236.3300018310547,470.0192871,550.6853637695312
13/09/2024,72.38261413574219,238.67999267578125,472.1249084472656,553.5614624023438
16/09/2024,72.57450866699219,238.66000366210938,470.03912353515625,554.3790283203125
17/09/2024,72.47856140136719,237.33999633789062,470.2874450683594,554.6055297851562
18/09/2024,72.25787353515625,235.50999450683594,468.2513122558594,552.9607543945312
19/09/2024,72.25787353515625,239.1699981689453,480.0906677246094,562.3966064453125
20/09/2024,72.24829102,242.2100067138672,479.1769104003906,561.4244995117188
23/09/2024,72.20030975341797,242.67999267578125,480.44708251953125,562.8273315429688
24/09/2024,72.28665924072266,246.07000732421875,482.7645263671875,564.4378051757812
25/09/2024,72.01800537109375,245.72999572753906,483.21209716796875,563.1929931640625
26/09/2024,72.01800537109375,246.97999572753906,486.8425293,565.4257813
27/09/2024,72.22909545898438,245.02000427246094,484.1371154785156,564.6058349609375
30/09/2024,72.06597900390625,243.05999755859375,485.4500732421875,566.8683471679688
01/10/2024,72.27864837646484,245.61000061035156,478.6865539550781,561.7900391
02/10/2024,72.14393615722656,245.66000366210938,479.3629150390625,562.0270996
03/10/2024,71.82637786865234,245.49000549316406,479.00482177734375,560.9996337890625
04/10/2024,71.35483551,245,484.7040710449219,566.0976563
07/10/2024,71.14314270019531,244.1699981689453,479.5120849609375,560.9797973632812
08/10/2024,71.24899291992188,242.3699951171875,486.6734619140625,566.2853393554688
09/10/2024,71.05651855,241.0500030517578,490.5027770996094,570.2077026367188
10/10/2024,71.02767181396484,242.82000732421875,489.9457702636719,569.2098388671875
11/10/2024,71.03727722167969,245.47000122070312,490.7116394042969,572.6184082
14/10/2024,70.98915863,245.07000732421875,494.8294372558594,577.3014526367188
15/10/2024,71.26824951171875,245.9199981689453,488.2151184082031,572.8160400390625
16/10/2024,71.36446380615234,247.14999389648438,488.2748107910156,575.3057250976562
17/10/2024,71.01804352,248.6300048828125,488.61297607421875,575.3550415039062
18/10/2024,71.05651855,251.27000427246094,491.8157043457031,577.5682373046875
21/10/2024,70.57537841796875,251.22000122070312,492.7606201171875,576.6196899414062
22/10/2024,70.60424041748047,253.92999267578125,493.2976989746094,576.3134155273438
23/10/2024,70.43103790283203,250.8699951171875,485.7384338378906,571.0474243164062
24/10/2024,70.54650115966797,252.8000030517578,489.6772461,572.2824707
25/10/2024,70.40216064453125,253.32000732421875,492.6611633300781,572.0848388671875
28/10/2024,70.31554412841797,253.3300018310547,492.7407227,573.8533935546875
29/10/2024,70.37329864501953,256.0899963378906,497.47515869140625,574.7821044921875
30/10/2024,70.30592346191406,257.5,493.7154541015625,573.0432129
31/10/2024,70.29632568359375,253.50999450683594,481.2527160644531,561.8098145
01/11/2024,70.02409362792969,252.47000122070312,484.8134766,564.1809082
04/11/2024,70.30401611328125,252.8300018310547,483.4010925292969,562.9656982421875
05/11/2024,70.4777832,253.39999389648438,489.5678405761719,569.7730102539062
06/11/2024,69.89860534667969,245.6999969482422,502.86602783203125,583.9406738
07/11/2024,70.41986083984375,249.64999389648438,510.7832946777344,588.4558105
08/11/2024,70.55500793457031,247.9600067138672,511.3801574707031,591.0048828
11/11/2024,70.41986083984375,242.13999938964844,511.0817871,591.5680541992188
12/11/2024,69.99513244628906,240.0500030517578,510.1567077636719,589.7302856445312
13/11/2024,69.96617889404297,237.6300048828125,509.5002746582031,590.0168457
14/11/2024,69.94686889648438,237.00999450683594,505.9593811035156,586.2229614257812
15/11/2024,69.96617889404297,236.58999633789062,493.9044494628906,578.7142333984375
18/11/2024,70.03374481201172,241.08999633789062,497.3359069824219,581.0854492
19/11/2024,70.15921783447266,243.25,500.7574462890625,583.2095947265625
20/11/2024,70.08199310302734,244.6199951171875,500.4689941,583.4072875976562
21/11/2024,70.04339599609375,246.66000366210938,502.2693176269531,586.5391235351562
22/11/2024,70.07233428955078,249.83999633789062,503.0749206542969,588.3569946289062
25/11/2024,70.71912384033203,242.47999572753906,503.8706359863281,590.3527832
26/11/2024,70.59362793,242.9499969482422,506.5760192871094,593.4353027
27/11/2024,70.78669738769531,243.49000549316406,502.5875549316406,591.6371459960938
29/11/2024,71.04731750488281,245.58999633789062,507.00372314453125,595.3124389648438
02/12/2024,71.08896637,243.44000244140625,512.5238647460938,596.3794555664062
03/12/2024,70.92436218261719,243.92999267578125,514.0953979492188,596.6561279296875
04/12/2024,71.16641998291016,244.6699981689453,520.4511719,600.361084
05/12/2024,71.17609405517578,242.86000061035156,519.0089721679688,599.3730469
06/12/2024,71.36975098,242.9499969482422,523.6538696289062,600.5092773
09/12/2024,71.15673065185547,245.36000061035156,519.5759277,597.4168701171875
10/12/2024,71.07926940917969,248.58999633789062,517.8054199,595.5594482421875
11/12/2024,70.92436218261719,250.9600067138672,527.0754395,600.1635131835938
12/12/2024,70.64355469,247.27999877929688,523.6737060546875,597.0711059570312
13/12/2024,70.36277770996094,244.2899932861328,527.6821289,596.9525146484375
16/12/2024,70.44023132324219,244.8800048828125,535.2811889648438,599.5015258789062
17/12/2024,70.44991302490234,243.94000244140625,532.9237670898438,597.0316162109375
18/12/2024,69.89801788330078,239.25999450683594,513.6975708007812,579.2379760742188
19/12/2024,69.70435333251953,239.60000610351562,511.4099426269531,579.0599975585938
20/12/2024,69.91737365722656,242.10000610351562,515.8759155273438,586.0151367
23/12/2024,69.69467926,240.9600067138672,520.9018555,589.5244141
24/12/2024,69.79472351074219,241.44000244140625,527.9652099609375,596.0769653320312
26/12/2024,69.84329223632812,243.07000732421875,527.6065673828125,596.1166381835938
27/12/2024,69.69759368896484,241.39999389648438,520.5930176,589.8415527
30/12/2024,69.9695816,240.6300048828125,513.6691895,583.1105346679688
31/12/2024,69.85301208496094,242.1300048828125,509.3056945800781,580.9891357421875
